SHAREDMEM;architecture;optimisation;dimension;order;batch-factor;batch-time-steps;fused;maximum-mesh-size;predictor-background;nodes;tasks;cores;adapter;run;iterations;total_cputime;total_usertime;normalisation;cells;normalised time / s
TBB;hsw;generic;3;3;1;on;off;0.0404;off;1;1;1;BroadcastGlobalDataAndDropNeighbourMessages;0;1;0.1;0.0934843;64;19683;7.42108513692018E-08
TBB;hsw;generic;3;3;1;on;off;0.0404;off;1;1;1;BroadcastGlobalDataAndMergeNeighbourMessages;0;10;7.08;7.1088;64;19683;5.64319463496418E-07
TBB;hsw;generic;3;3;1;on;off;0.0404;off;1;1;1;FinaliseMeshRefinement;0;1;0.18;0.175519;64;19683;1.39332641111619E-07
TBB;hsw;generic;3;3;1;on;off;0.0404;off;1;1;1;MeshRefinement;0;2;1.29;1.2941;64;19683;5.13649151552101E-07
TBB;hsw;generic;3;3;1;on;off;0.0404;off;1;1;1;Prediction;0;11;10.11;10.1337;64;19683;7.31314343711463E-07
TBB;hsw;generic;3;3;1;on;off;0.0404;off;1;1;1;SolutionUpdate;0;10;2.2;2.17824;64;19683;1.72915714067977E-07
TBB;hsw;generic;3;3;1;on;off;0.0404;off;1;1;2;BroadcastGlobalDataAndDropNeighbourMessages;0;1;0.12;0.0959367;64;19683;7.61576455570797E-08
TBB;hsw;generic;3;3;1;on;off;0.0404;off;1;1;2;BroadcastGlobalDataAndMergeNeighbourMessages;0;10;8.93;4.82092;64;19683;3.82700172737896E-07
TBB;hsw;generic;3;3;1;on;off;0.0404;off;1;1;2;FinaliseMeshRefinement;0;1;0.2;0.138972;64;19683;1.10320454199055E-07
TBB;hsw;generic;3;3;1;on;off;0.0404;off;1;1;2;MeshRefinement;0;2;1.2;1.19672;64;19683;0.000000475
TBB;hsw;generic;3;3;1;on;off;0.0404;off;1;1;2;Prediction;0;11;13.05;6.94649;64;19683;5.01304338538564E-07
TBB;hsw;generic;3;3;1;on;off;0.0404;off;1;1;2;SolutionUpdate;0;10;2.79;1.7838;64;19683;1.41603795153178E-07
TBB;hsw;generic;3;3;1;on;off;0.0404;off;1;1;4;BroadcastGlobalDataAndDropNeighbourMessages;0;1;0.17;0.102463;64;19683;8.13384329116497E-08
TBB;hsw;generic;3;3;1;on;off;0.0404;off;1;1;4;BroadcastGlobalDataAndMergeNeighbourMessages;0;10;11.24;3.38673;64;19683;2.68849546563024E-07
TBB;hsw;generic;3;3;1;on;off;0.0404;off;1;1;4;FinaliseMeshRefinement;0;1;0.26;0.126165;64;19683;1.0015384468831E-07
TBB;hsw;generic;3;3;1;on;off;0.0404;off;1;1;4;MeshRefinement;0;2;1.19;1.18989;64;19683;4.72286522633745E-07
TBB;hsw;generic;3;3;1;on;off;0.0404;off;1;1;4;Prediction;0;11;15.85;4.64096;64;19683;3.34922152480451E-07
TBB;hsw;generic;3;3;1;on;off;0.0404;off;1;1;4;SolutionUpdate;0;10;3.4;1.51622;64;19683;1.2036243204796E-07
TBB;hsw;generic;3;3;1;on;off;0.0404;off;1;1;8;BroadcastGlobalDataAndDropNeighbourMessages;0;1;0.16;0.0990159;64;19683;7.8602013793629E-08
TBB;hsw;generic;3;3;1;on;off;0.0404;off;1;1;8;BroadcastGlobalDataAndMergeNeighbourMessages;0;10;14.41;2.54666;64;19683;2.02162081491643E-07
TBB;hsw;generic;3;3;1;on;off;0.0404;off;1;1;8;FinaliseMeshRefinement;0;1;0.29;0.126719;64;19683;1.00593627749835E-07
TBB;hsw;generic;3;3;1;on;off;0.0404;off;1;1;8;MeshRefinement;0;2;1.18;1.17865;64;19683;4.67825185439212E-07
TBB;hsw;generic;3;3;1;on;off;0.0404;off;1;1;8;Prediction;0;11;29.93;4.60966;64;19683;3.32663338921912E-07
TBB;hsw;generic;3;3;1;on;off;0.0404;off;1;1;8;SolutionUpdate;0;10;3.83;1.35033;64;19683;1.07193549001677E-07
TBB;hsw;generic;3;3;1;on;off;0.0404;off;1;1;12;BroadcastGlobalDataAndDropNeighbourMessages;0;1;0.16;0.0986376;64;19683;7.83017070568511E-08
TBB;hsw;generic;3;3;1;on;off;0.0404;off;1;1;12;BroadcastGlobalDataAndMergeNeighbourMessages;0;10;19.22;2.41317;64;19683;1.91565214906264E-07
TBB;hsw;generic;3;3;1;on;off;0.0404;off;1;1;12;FinaliseMeshRefinement;0;1;0.3;0.127894;64;19683;1.01526380633034E-07
TBB;hsw;generic;3;3;1;on;off;0.0404;off;1;1;12;MeshRefinement;0;2;1.29;1.2919;64;19683;5.12775936086979E-07
TBB;hsw;generic;3;3;1;on;off;0.0404;off;1;1;12;Prediction;0;11;57.51;5.74575;64;19683;4.14651054440149E-07
TBB;hsw;generic;3;3;1;on;off;0.0404;off;1;1;12;SolutionUpdate;0;10;3.99;1.30927;64;19683;1.03934073820048E-07
TBB;hsw;generic;3;3;1;on;off;0.0404;off;1;1;16;BroadcastGlobalDataAndDropNeighbourMessages;0;1;0.17;0.101161;64;19683;8.03048633338414E-08
TBB;hsw;generic;3;3;1;on;off;0.0404;off;1;1;16;BroadcastGlobalDataAndMergeNeighbourMessages;0;10;22.17;2.22758;64;19683;1.76832482345171E-07
TBB;hsw;generic;3;3;1;on;off;0.0404;off;1;1;16;FinaliseMeshRefinement;0;1;0.36;0.13827;64;19683;1.09763183965859E-07
TBB;hsw;generic;3;3;1;on;off;0.0404;off;1;1;16;MeshRefinement;0;2;1.29;1.28719;64;19683;5.10906461159376E-07
TBB;hsw;generic;3;3;1;on;off;0.0404;off;1;1;16;Prediction;0;11;190.69;12.9008;64;19683;0.000000931
TBB;hsw;generic;3;3;1;on;off;0.0404;off;1;1;16;SolutionUpdate;0;10;4.48;1.27162;64;19683;1.00945295432607E-07
TBB;hsw;generic;3;3;1;on;off;0.0404;off;1;1;24;BroadcastGlobalDataAndDropNeighbourMessages;0;1;0.18;0.102551;64;19683;8.14082901488594E-08
TBB;hsw;generic;3;3;1;on;off;0.0404;off;1;1;24;BroadcastGlobalDataAndMergeNeighbourMessages;0;10;32.21;2.22555;64;19683;1.76671334400244E-07
TBB;hsw;generic;3;3;1;on;off;0.0404;off;1;1;24;FinaliseMeshRefinement;0;1;0.47;0.116275;64;19683;9.23028438246202E-08
TBB;hsw;generic;3;3;1;on;off;0.0404;off;1;1;24;MeshRefinement;0;2;1.21;1.2078;64;19683;4.79395290352081E-07
TBB;hsw;generic;3;3;1;on;off;0.0404;off;1;1;24;Prediction;0;11;267.23;12.2108;64;19683;8.81211520786281E-07
TBB;hsw;generic;3;3;1;on;off;0.0404;off;1;1;24;SolutionUpdate;0;10;4.78;1.24396;64;19683;9.8749555453945E-08
TBB;hsw;generic;3;3;1;on;off;0.0404;on;1;1;1;BroadcastGlobalDataAndDropNeighbourMessages;0;1;0.85;0.850812;64;19683;6.75401996646853E-07
TBB;hsw;generic;3;3;1;on;off;0.0404;on;1;1;1;BroadcastGlobalDataAndMergeNeighbourMessages;0;10;14.63;14.6479;64;19683;1.16279752832393E-06
TBB;hsw;generic;3;3;1;on;off;0.0404;on;1;1;1;FinaliseMeshRefinement;0;1;0.16;0.161168;64;19683;1.27940354620739E-07
TBB;hsw;generic;3;3;1;on;off;0.0404;on;1;1;1;MeshRefinement;0;2;1.26;1.26117;64;19683;5.00578703703704E-07
TBB;hsw;generic;3;3;1;on;off;0.0404;on;1;1;1;Prediction;0;11;2.19;2.1991;64;19683;1.58701498293405E-07
TBB;hsw;generic;3;3;1;on;off;0.0404;on;1;1;1;SolutionUpdate;0;10;2.23;2.22456;64;19683;1.76592745008383E-07
TBB;hsw;generic;3;3;1;on;off;0.0404;on;1;1;2;BroadcastGlobalDataAndDropNeighbourMessages;0;1;0.99;0.5327;64;19683;4.22874434791444E-07
TBB;hsw;generic;3;3;1;on;off;0.0404;on;1;1;2;BroadcastGlobalDataAndMergeNeighbourMessages;0;10;17.03;8.87875;64;19683;7.04823800995783E-07
TBB;hsw;generic;3;3;1;on;off;0.0404;on;1;1;2;FinaliseMeshRefinement;0;1;0.21;0.139049;64;19683;1.10381579281614E-07
TBB;hsw;generic;3;3;1;on;off;0.0404;on;1;1;2;MeshRefinement;0;2;1.18;1.18571;64;19683;4.70627413250013E-07
TBB;hsw;generic;3;3;1;on;off;0.0404;on;1;1;2;Prediction;0;11;2.75;1.55221;64;19683;0.000000112
TBB;hsw;generic;3;3;1;on;off;0.0404;on;1;1;2;SolutionUpdate;0;10;2.74;1.75607;64;19683;1.39402498348829E-07
TBB;hsw;generic;3;3;1;on;off;0.0404;on;1;1;4;BroadcastGlobalDataAndDropNeighbourMessages;0;1;1.11;0.338244;64;19683;2.68508992531626E-07
TBB;hsw;generic;3;3;1;on;off;0.0404;on;1;1;4;BroadcastGlobalDataAndMergeNeighbourMessages;0;10;20.46;5.74246;64;19683;4.55854989076868E-07
TBB;hsw;generic;3;3;1;on;off;0.0404;on;1;1;4;FinaliseMeshRefinement;0;1;0.27;0.139027;64;19683;1.10364114972311E-07
TBB;hsw;generic;3;3;1;on;off;0.0404;on;1;1;4;MeshRefinement;0;2;1.23;1.23118;64;19683;4.88675189249606E-07
TBB;hsw;generic;3;3;1;on;off;0.0404;on;1;1;4;Prediction;0;11;5.07;1.61137;64;19683;1.16287041655697E-07
TBB;hsw;generic;3;3;1;on;off;0.0404;on;1;1;4;SolutionUpdate;0;10;3.41;1.48841;64;19683;1.18154784585683E-07
TBB;hsw;generic;3;3;1;on;off;0.0404;on;1;1;8;BroadcastGlobalDataAndDropNeighbourMessages;0;1;1.92;0.33706;64;19683;2.67569095158258E-07
TBB;hsw;generic;3;3;1;on;off;0.0404;on;1;1;8;BroadcastGlobalDataAndMergeNeighbourMessages;0;10;32.18;4.79695;64;19683;3.8079735685617E-07
TBB;hsw;generic;3;3;1;on;off;0.0404;on;1;1;8;FinaliseMeshRefinement;0;1;0.28;0.127625;64;19683;1.01312839760199E-07
TBB;hsw;generic;3;3;1;on;off;0.0404;on;1;1;8;MeshRefinement;0;2;1.19;1.17567;64;19683;4.66642375400092E-07
TBB;hsw;generic;3;3;1;on;off;0.0404;on;1;1;8;Prediction;0;11;11;1.83356;64;19683;1.32321731258631E-07
TBB;hsw;generic;3;3;1;on;off;0.0404;on;1;1;8;SolutionUpdate;0;10;3.75;1.32806;64;19683;1.05425684600925E-07
TBB;hsw;generic;3;3;1;on;off;0.0404;on;1;1;12;BroadcastGlobalDataAndDropNeighbourMessages;0;1;3.42;0.371685;64;19683;2.95055536503582E-07
TBB;hsw;generic;3;3;1;on;off;0.0404;on;1;1;12;BroadcastGlobalDataAndMergeNeighbourMessages;0;10;48.96;4.93074;64;19683;3.91418038408779E-07
TBB;hsw;generic;3;3;1;on;off;0.0404;on;1;1;12;FinaliseMeshRefinement;0;1;0.31;0.123636;64;19683;9.81462429507697E-08
TBB;hsw;generic;3;3;1;on;off;0.0404;on;1;1;12;MeshRefinement;0;2;1.18;1.18689;64;19683;4.71095774272215E-07
TBB;hsw;generic;3;3;1;on;off;0.0404;on;1;1;12;Prediction;0;11;25.36;2.60658;64;19683;1.88107931163487E-07
TBB;hsw;generic;3;3;1;on;off;0.0404;on;1;1;12;SolutionUpdate;0;10;3.94;1.2696;64;19683;1.00784941319921E-07
TBB;hsw;generic;3;3;1;on;off;0.0404;on;1;1;16;BroadcastGlobalDataAndDropNeighbourMessages;0;1;10.96;0.777477;64;19683;6.17186309251639E-07
TBB;hsw;generic;3;3;1;on;off;0.0404;on;1;1;16;BroadcastGlobalDataAndMergeNeighbourMessages;0;10;108.32;7.65324;64;19683;6.0753886602652E-07
TBB;hsw;generic;3;3;1;on;off;0.0404;on;1;1;16;FinaliseMeshRefinement;0;1;0.31;0.109159;64;19683;8.66539335975207E-08
TBB;hsw;generic;3;3;1;on;off;0.0404;on;1;1;16;MeshRefinement;0;2;1.28;1.2806;64;19683;5.08290783925215E-07
TBB;hsw;generic;3;3;1;on;off;0.0404;on;1;1;16;Prediction;0;11;99.79;6.76942;64;19683;4.8852580445516E-07
TBB;hsw;generic;3;3;1;on;off;0.0404;on;1;1;16;SolutionUpdate;0;10;4.35;1.27315;64;19683;1.01066751765483E-07
TBB;hsw;generic;3;3;1;on;off;0.0404;on;1;1;24;BroadcastGlobalDataAndDropNeighbourMessages;0;1;12.3;0.608952;64;19683;4.83405730833714E-07
TBB;hsw;generic;3;3;1;on;off;0.0404;on;1;1;24;BroadcastGlobalDataAndMergeNeighbourMessages;0;10;111.32;5.69946;64;19683;4.52441510440482E-07
TBB;hsw;generic;3;3;1;on;off;0.0404;on;1;1;24;FinaliseMeshRefinement;0;1;0.35;0.12213;64;19683;0.000000097
TBB;hsw;generic;3;3;1;on;off;0.0404;on;1;1;24;MeshRefinement;0;2;1.19;1.18435;64;19683;4.70087607326119E-07
TBB;hsw;generic;3;3;1;on;off;0.0404;on;1;1;24;Prediction;0;11;218.74;9.79358;64;19683;7.0676905081912E-07
TBB;hsw;generic;3;3;1;on;off;0.0404;on;1;1;24;SolutionUpdate;0;10;4.76;1.25332;64;19683;9.94925824315399E-08
TBB;hsw;generic;3;3;1;on;on;0.0404;off;1;1;1;BroadcastGlobalDataAndDropNeighbourMessages;0;1;0.09;0.0900589;64;19683;7.14916584108114E-08
TBB;hsw;generic;3;3;1;on;on;0.0404;off;1;1;1;FinaliseMeshRefinement;0;1;0.16;0.170452;64;19683;1.3531029314637E-07
TBB;hsw;generic;3;3;1;on;on;0.0404;off;1;1;1;FusedTimeStep;0;10;16.43;16.4531;64;19683;1.3061001244729E-06
TBB;hsw;generic;3;3;1;on;on;0.0404;off;1;1;1;MeshRefinement;0;2;1.29;1.28652;64;19683;5.10640527358634E-07
TBB;hsw;generic;3;3;1;on;on;0.0404;off;1;1;1;Prediction;0;1;0.94;0.929595;64;19683;7.37942482091145E-07
TBB;hsw;generic;3;3;1;on;on;0.0404;off;1;1;2;BroadcastGlobalDataAndDropNeighbourMessages;0;1;0.12;0.0967912;64;19683;7.68359752070314E-08
TBB;hsw;generic;3;3;1;on;on;0.0404;off;1;1;2;FinaliseMeshRefinement;0;1;0.21;0.141125;64;19683;0.000000112
TBB;hsw;generic;3;3;1;on;on;0.0404;off;1;1;2;FusedTimeStep;0;10;18.53;9.62061;64;19683;7.63715039628105E-07
TBB;hsw;generic;3;3;1;on;on;0.0404;off;1;1;2;MeshRefinement;0;2;1.2;1.20188;64;19683;0.000000477
TBB;hsw;generic;3;3;1;on;on;0.0404;off;1;1;2;Prediction;0;1;1.17;0.625881;64;19683;4.96844516841945E-07
TBB;hsw;generic;3;3;1;on;on;0.0404;off;1;1;4;BroadcastGlobalDataAndDropNeighbourMessages;0;1;0.16;0.112237;64;19683;8.90973492353808E-08
TBB;hsw;generic;3;3;1;on;on;0.0404;off;1;1;4;FinaliseMeshRefinement;0;1;0.26;0.134231;64;19683;1.06556895544378E-07
TBB;hsw;generic;3;3;1;on;on;0.0404;off;1;1;4;FusedTimeStep;0;10;23.68;6.67428;64;19683;5.2982586495961E-07
TBB;hsw;generic;3;3;1;on;on;0.0404;off;1;1;4;MeshRefinement;0;2;1.2;1.20109;64;19683;4.76731983183458E-07
TBB;hsw;generic;3;3;1;on;on;0.0404;off;1;1;4;Prediction;0;1;1.43;0.417778;64;19683;3.31645645988924E-07
TBB;hsw;generic;3;3;1;on;on;0.0404;off;1;1;8;BroadcastGlobalDataAndDropNeighbourMessages;0;1;0.17;0.112914;64;19683;8.96347736625514E-08
TBB;hsw;generic;3;3;1;on;on;0.0404;off;1;1;8;FinaliseMeshRefinement;0;1;0.29;0.121113;64;19683;9.61434042066758E-08
TBB;hsw;generic;3;3;1;on;on;0.0404;off;1;1;8;FusedTimeStep;0;10;39.23;5.64692;64;19683;4.48270715846162E-07
TBB;hsw;generic;3;3;1;on;on;0.0404;off;1;1;8;MeshRefinement;0;2;1.18;1.17879;64;19683;4.67880753696083E-07
TBB;hsw;generic;3;3;1;on;on;0.0404;off;1;1;8;Prediction;0;1;2.79;0.426663;64;19683;3.38698845450389E-07
TBB;hsw;generic;3;3;1;on;on;0.0404;off;1;1;12;BroadcastGlobalDataAndDropNeighbourMessages;0;1;0.16;0.101132;64;19683;8.02818421988518E-08
TBB;hsw;generic;3;3;1;on;on;0.0404;off;1;1;12;FinaliseMeshRefinement;0;1;0.31;0.131227;64;19683;1.04172223492354E-07
TBB;hsw;generic;3;3;1;on;on;0.0404;off;1;1;12;FusedTimeStep;0;10;61.7;5.93009;64;19683;4.7074966341513E-07
TBB;hsw;generic;3;3;1;on;on;0.0404;off;1;1;12;MeshRefinement;0;2;1.27;1.26863;64;19683;5.03539697962709E-07
TBB;hsw;generic;3;3;1;on;on;0.0404;off;1;1;12;Prediction;0;1;5.26;0.525848;64;19683;4.17435096275974E-07
TBB;hsw;generic;3;3;1;on;on;0.0404;off;1;1;16;BroadcastGlobalDataAndDropNeighbourMessages;0;1;0.2;0.102287;64;19683;8.11987184372301E-08
TBB;hsw;generic;3;3;1;on;on;0.0404;off;1;1;16;FinaliseMeshRefinement;0;1;0.35;0.120495;64;19683;9.56528158817253E-08
TBB;hsw;generic;3;3;1;on;on;0.0404;off;1;1;16;FusedTimeStep;0;10;140.66;9.62632;64;19683;7.64168317837728E-07
TBB;hsw;generic;3;3;1;on;on;0.0404;off;1;1;16;MeshRefinement;0;2;1.27;1.27308;64;19683;5.05305974698979E-07
TBB;hsw;generic;3;3;1;on;on;0.0404;off;1;1;16;Prediction;0;1;13.53;0.932447;64;19683;7.40206491642534E-07
TBB;hsw;generic;3;3;1;on;on;0.0404;off;1;1;24;BroadcastGlobalDataAndDropNeighbourMessages;0;1;0.19;0.104361;64;19683;8.28451265051059E-08
TBB;hsw;generic;3;3;1;on;on;0.0404;off;1;1;24;FinaliseMeshRefinement;0;1;0.41;0.1285;64;19683;0.000000102
TBB;hsw;generic;3;3;1;on;on;0.0404;off;1;1;24;FusedTimeStep;0;10;356.25;15.9569;64;19683;1.26671016867347E-06
TBB;hsw;generic;3;3;1;on;on;0.0404;off;1;1;24;MeshRefinement;0;2;1.18;1.17866;64;19683;4.67829154600417E-07
TBB;hsw;generic;3;3;1;on;on;0.0404;off;1;1;24;Prediction;0;1;25.23;1.14718;64;19683;9.10668470253518E-07
TBB;hsw;generic;3;3;1;on;on;0.0404;on;1;1;1;BroadcastGlobalDataAndDropNeighbourMessages;0;1;0.8;0.801715;64;19683;6.36427215109485E-07
TBB;hsw;generic;3;3;1;on;on;0.0404;on;1;1;1;FinaliseMeshRefinement;0;1;0.16;0.170815;64;19683;1.3559845424986E-07
TBB;hsw;generic;3;3;1;on;on;0.0404;on;1;1;1;FusedTimeStep;0;10;16.98;16.9955;64;19683;1.34915758522583E-06
TBB;hsw;generic;3;3;1;on;on;0.0404;on;1;1;1;MeshRefinement;0;2;1.32;1.31792;64;19683;5.23103693542651E-07
TBB;hsw;generic;3;3;1;on;on;0.0404;on;1;1;1;Prediction;0;1;0.21;0.205541;64;19683;1.63165072651527E-07
TBB;hsw;generic;3;3;1;on;on;0.0404;on;1;1;2;BroadcastGlobalDataAndDropNeighbourMessages;0;1;0.89;0.485389;64;19683;3.85317437636539E-07
TBB;hsw;generic;3;3;1;on;on;0.0404;on;1;1;2;FinaliseMeshRefinement;0;1;0.21;0.141185;64;19683;1.12077204948433E-07
TBB;hsw;generic;3;3;1;on;on;0.0404;on;1;1;2;FusedTimeStep;0;10;18.4;9.35739;64;19683;7.42819787379973E-07
TBB;hsw;generic;3;3;1;on;on;0.0404;on;1;1;2;MeshRefinement;0;2;1.17;1.1793;64;19683;4.68083180917543E-07
TBB;hsw;generic;3;3;1;on;on;0.0404;on;1;1;2;Prediction;0;1;0.25;0.137242;64;19683;1.0894712442209E-07
TBB;hsw;generic;3;3;1;on;on;0.0404;on;1;1;4;BroadcastGlobalDataAndDropNeighbourMessages;0;1;0.88;0.282804;64;19683;2.24498933089468E-07
TBB;hsw;generic;3;3;1;on;on;0.0404;on;1;1;4;FinaliseMeshRefinement;0;1;0.26;0.126297;64;19683;1.00258630544124E-07
TBB;hsw;generic;3;3;1;on;on;0.0404;on;1;1;4;FusedTimeStep;0;10;22.96;6.04141;64;19683;4.79586603922166E-07
TBB;hsw;generic;3;3;1;on;on;0.0404;on;1;1;4;MeshRefinement;0;2;1.25;1.25566;64;19683;4.98391695879693E-07
TBB;hsw;generic;3;3;1;on;on;0.0404;on;1;1;4;Prediction;0;1;0.47;0.14447;64;19683;1.14684943860184E-07
TBB;hsw;generic;3;3;1;on;on;0.0404;on;1;1;8;BroadcastGlobalDataAndDropNeighbourMessages;0;1;1.22;0.236752;64;19683;1.87941370726007E-07
TBB;hsw;generic;3;3;1;on;on;0.0404;on;1;1;8;FinaliseMeshRefinement;0;1;0.29;0.128026;64;19683;1.01631166488848E-07
TBB;hsw;generic;3;3;1;on;on;0.0404;on;1;1;8;FusedTimeStep;0;10;35.98;4.89901;64;19683;3.88899208708022E-07
TBB;hsw;generic;3;3;1;on;on;0.0404;on;1;1;8;MeshRefinement;0;2;1.27;1.28262;64;19683;5.09092554488645E-07
TBB;hsw;generic;3;3;1;on;on;0.0404;on;1;1;8;Prediction;0;1;0.92;0.163589;64;19683;1.29862222476249E-07
TBB;hsw;generic;3;3;1;on;on;0.0404;on;1;1;16;BroadcastGlobalDataAndDropNeighbourMessages;0;1;5.18;0.443285;64;19683;3.51893924960626E-07
TBB;hsw;generic;3;3;1;on;on;0.0404;on;1;1;16;FinaliseMeshRefinement;0;1;0.37;0.130328;64;19683;1.03458568307677E-07
TBB;hsw;generic;3;3;1;on;on;0.0404;on;1;1;16;FusedTimeStep;0;10;157.3;10.7201;64;19683;0.000000851
TBB;hsw;generic;3;3;1;on;on;0.0404;on;1;1;16;MeshRefinement;0;2;1.27;1.26983;64;19683;0.000000504
TBB;hsw;generic;3;3;1;on;on;0.0404;on;1;1;16;Prediction;0;1;10.71;0.717431;64;19683;5.69519858507341E-07
TBB;hsw;generic;3;6;1;on;off;0.0404;off;1;1;1;BroadcastGlobalDataAndDropNeighbourMessages;0;1;0.09;0.0905372;343;19683;1.34103973638141E-08
TBB;hsw;generic;3;6;1;on;off;0.0404;off;1;1;1;BroadcastGlobalDataAndMergeNeighbourMessages;0;10;8.81;8.8071;343;19683;1.30451030761772E-07
TBB;hsw;generic;3;6;1;on;off;0.0404;off;1;1;1;FinaliseMeshRefinement;0;1;0.33;0.336063;343;19683;4.97777528935671E-08
TBB;hsw;generic;3;6;1;on;off;0.0404;off;1;1;1;MeshRefinement;0;2;2.53;2.53628;343;19683;1.87837279184106E-07
TBB;hsw;generic;3;6;1;on;off;0.0404;off;1;1;1;Prediction;0;11;85.64;85.7037;343;19683;0.000001154
TBB;hsw;generic;3;6;1;on;off;0.0404;off;1;1;1;SolutionUpdate;0;10;5.87;5.91816;343;19683;8.76599643711427E-08
TBB;hsw;generic;3;6;1;on;off;0.0404;off;1;1;2;BroadcastGlobalDataAndDropNeighbourMessages;0;1;0.12;0.0951625;343;19683;1.40954981944876E-08
TBB;hsw;generic;3;6;1;on;off;0.0404;off;1;1;2;BroadcastGlobalDataAndMergeNeighbourMessages;0;10;10.1;5.47507;343;19683;8.10969019305852E-08
TBB;hsw;generic;3;6;1;on;off;0.0404;off;1;1;2;FinaliseMeshRefinement;0;1;0.4;0.237082;343;19683;3.51166573276816E-08
TBB;hsw;generic;3;6;1;on;off;0.0404;off;1;1;2;MeshRefinement;0;2;2.4;2.39942;343;19683;1.77701406950308E-07
TBB;hsw;generic;3;6;1;on;off;0.0404;off;1;1;2;Prediction;0;11;88.8;44.8782;343;19683;6.04306592380835E-07
TBB;hsw;generic;3;6;1;on;off;0.0404;off;1;1;2;SolutionUpdate;0;10;6.55;3.63953;343;19683;5.39088281032795E-08
TBB;hsw;generic;3;6;1;on;off;0.0404;off;1;1;4;BroadcastGlobalDataAndDropNeighbourMessages;0;1;0.15;0.101254;343;19683;0.000000015
TBB;hsw;generic;3;6;1;on;off;0.0404;off;1;1;4;BroadcastGlobalDataAndMergeNeighbourMessages;0;10;13.53;4.13447;343;19683;6.12398943072776E-08
TBB;hsw;generic;3;6;1;on;off;0.0404;off;1;1;4;FinaliseMeshRefinement;0;1;0.49;0.188691;343;19683;2.79489678162728E-08
TBB;hsw;generic;3;6;1;on;off;0.0404;off;1;1;4;MeshRefinement;0;2;2.43;2.43411;343;19683;1.80270553580371E-07
TBB;hsw;generic;3;6;1;on;off;0.0404;off;1;1;4;Prediction;0;11;101.4;26.0774;343;19683;3.51144759196046E-07
TBB;hsw;generic;3;6;1;on;off;0.0404;off;1;1;4;SolutionUpdate;0;10;7.86;2.57907;343;19683;3.82012626070743E-08
TBB;hsw;generic;3;6;1;on;off;0.0404;off;1;1;8;BroadcastGlobalDataAndDropNeighbourMessages;0;1;0.17;0.0989943;343;19683;1.46630655658958E-08
TBB;hsw;generic;3;6;1;on;off;0.0404;off;1;1;8;BroadcastGlobalDataAndMergeNeighbourMessages;0;10;18.22;3.21446;343;19683;4.76126784460818E-08
TBB;hsw;generic;3;6;1;on;off;0.0404;off;1;1;8;FinaliseMeshRefinement;0;1;0.56;0.151221;343;19683;2.23989001178889E-08
TBB;hsw;generic;3;6;1;on;off;0.0404;off;1;1;8;MeshRefinement;0;2;2.44;2.44254;343;19683;1.80894880651326E-07
TBB;hsw;generic;3;6;1;on;off;0.0404;off;1;1;8;Prediction;0;11;124.1;16.4074;343;19683;2.20933548667935E-07
TBB;hsw;generic;3;6;1;on;off;0.0404;off;1;1;8;SolutionUpdate;0;10;9.2;1.99138;343;19683;2.94963806063719E-08
TBB;hsw;generic;3;6;1;on;off;0.0404;off;1;1;12;BroadcastGlobalDataAndDropNeighbourMessages;0;1;0.16;0.100204;343;19683;1.48422466946584E-08
TBB;hsw;generic;3;6;1;on;off;0.0404;off;1;1;12;BroadcastGlobalDataAndMergeNeighbourMessages;0;10;23.18;2.92273;343;19683;4.32915648895045E-08
TBB;hsw;generic;3;6;1;on;off;0.0404;off;1;1;12;FinaliseMeshRefinement;0;1;0.61;0.145903;343;19683;2.16111963543446E-08
TBB;hsw;generic;3;6;1;on;off;0.0404;off;1;1;12;MeshRefinement;0;2;2.42;2.41868;343;19683;1.79127805454056E-07
TBB;hsw;generic;3;6;1;on;off;0.0404;off;1;1;12;Prediction;0;11;199.76;17.6258;343;19683;2.37339891884837E-07
TBB;hsw;generic;3;6;1;on;off;0.0404;off;1;1;12;SolutionUpdate;0;10;10.12;1.77713;343;19683;2.63229031460604E-08
TBB;hsw;generic;3;6;1;on;off;0.0404;off;1;1;16;BroadcastGlobalDataAndDropNeighbourMessages;0;1;0.19;0.10543;343;19683;1.56163233904619E-08
TBB;hsw;generic;3;6;1;on;off;0.0404;off;1;1;16;BroadcastGlobalDataAndMergeNeighbourMessages;0;10;30.16;2.98988;343;19683;4.42861927142882E-08
TBB;hsw;generic;3;6;1;on;off;0.0404;off;1;1;16;FinaliseMeshRefinement;0;1;0.71;0.139693;343;19683;2.06913692818343E-08
TBB;hsw;generic;3;6;1;on;off;0.0404;off;1;1;16;MeshRefinement;0;2;2.49;2.4995;343;19683;1.85113346838942E-07
TBB;hsw;generic;3;6;1;on;off;0.0404;off;1;1;16;Prediction;0;11;397.86;26.4797;343;19683;3.5656192258751E-07
TBB;hsw;generic;3;6;1;on;off;0.0404;off;1;1;16;SolutionUpdate;0;10;11.77;1.72027;343;19683;2.54806911115525E-08
TBB;hsw;generic;3;6;1;on;off;0.0404;off;1;1;24;BroadcastGlobalDataAndDropNeighbourMessages;0;1;0.19;0.112327;343;19683;1.66379091101243E-08
TBB;hsw;generic;3;6;1;on;off;0.0404;off;1;1;24;BroadcastGlobalDataAndMergeNeighbourMessages;0;10;45.07;2.96799;343;19683;0.000000044
TBB;hsw;generic;3;6;1;on;off;0.0404;off;1;1;24;FinaliseMeshRefinement;0;1;0.92;0.141276;343;19683;2.09258437191586E-08
TBB;hsw;generic;3;6;1;on;off;0.0404;off;1;1;24;MeshRefinement;0;2;2.51;2.51597;343;19683;1.86333117522054E-07
TBB;hsw;generic;3;6;1;on;off;0.0404;off;1;1;24;Prediction;0;11;722.47;31.3356;343;19683;4.21948956424475E-07
TBB;hsw;generic;3;6;1;on;off;0.0404;off;1;1;24;SolutionUpdate;0;10;13.68;1.57571;343;19683;2.33394640326137E-08
TBB;hsw;generic;3;6;1;on;off;0.0404;on;1;1;1;BroadcastGlobalDataAndDropNeighbourMessages;0;1;8.03;8.04532;343;19683;1.19167522431709E-06
TBB;hsw;generic;3;6;1;on;off;0.0404;on;1;1;1;BroadcastGlobalDataAndMergeNeighbourMessages;0;10;87.64;87.7743;343;19683;1.30011557827128E-06
TBB;hsw;generic;3;6;1;on;off;0.0404;on;1;1;1;FinaliseMeshRefinement;0;1;0.32;0.322173;343;19683;4.77203619052951E-08
TBB;hsw;generic;3;6;1;on;off;0.0404;on;1;1;1;MeshRefinement;0;2;2.51;2.51417;343;19683;1.86199809250676E-07
TBB;hsw;generic;3;6;1;on;off;0.0404;on;1;1;1;Prediction;0;11;2.23;2.20499;343;19683;2.96912530612595E-08
TBB;hsw;generic;3;6;1;on;off;0.0404;on;1;1;1;SolutionUpdate;0;10;5.94;5.94037;343;19683;0.000000088
TBB;hsw;generic;3;6;1;on;off;0.0404;on;1;1;2;BroadcastGlobalDataAndDropNeighbourMessages;0;1;7.8;3.94152;343;19683;5.83819130892281E-07
TBB;hsw;generic;3;6;1;on;off;0.0404;on;1;1;2;BroadcastGlobalDataAndMergeNeighbourMessages;0;10;87.94;44.4794;343;19683;6.58830213993843E-07
TBB;hsw;generic;3;6;1;on;off;0.0404;on;1;1;2;FinaliseMeshRefinement;0;1;0.39;0.231404;343;19683;3.4275630255586E-08
TBB;hsw;generic;3;6;1;on;off;0.0404;on;1;1;2;MeshRefinement;0;2;2.41;2.41607;343;19683;1.78934508460558E-07
TBB;hsw;generic;3;6;1;on;off;0.0404;on;1;1;2;Prediction;0;11;2.71;1.54114;343;19683;2.07521928638359E-08
TBB;hsw;generic;3;6;1;on;off;0.0404;on;1;1;2;SolutionUpdate;0;10;6.59;3.67611;343;19683;5.44506521662816E-08
TBB;hsw;generic;3;6;1;on;off;0.0404;on;1;1;4;BroadcastGlobalDataAndDropNeighbourMessages;0;1;8.66;2.22865;343;19683;3.30108310008089E-07
TBB;hsw;generic;3;6;1;on;off;0.0404;on;1;1;4;BroadcastGlobalDataAndMergeNeighbourMessages;0;10;98.76;25.5001;343;19683;3.77708250108239E-07
TBB;hsw;generic;3;6;1;on;off;0.0404;on;1;1;4;FinaliseMeshRefinement;0;1;0.5;0.184947;343;19683;2.7394405407339E-08
TBB;hsw;generic;3;6;1;on;off;0.0404;on;1;1;4;MeshRefinement;0;2;2.41;2.42496;343;19683;1.79592903200865E-07
TBB;hsw;generic;3;6;1;on;off;0.0404;on;1;1;4;Prediction;0;11;5.03;1.622;343;19683;2.18410117349117E-08
TBB;hsw;generic;3;6;1;on;off;0.0404;on;1;1;4;SolutionUpdate;0;10;7.86;2.55676;343;19683;3.78708062143576E-08
TBB;hsw;generic;3;6;1;on;off;0.0404;on;1;1;16;BroadcastGlobalDataAndDropNeighbourMessages;0;1;30.98;2.02913;343;19683;3.00555347446532E-07
TBB;hsw;generic;3;6;1;on;off;0.0404;on;1;1;16;BroadcastGlobalDataAndMergeNeighbourMessages;0;10;349.94;23.0101;343;19683;3.40826295026905E-07
TBB;hsw;generic;3;6;1;on;off;0.0404;on;1;1;16;FinaliseMeshRefinement;0;1;0.68;0.141715;343;19683;0.000000021
TBB;hsw;generic;3;6;1;on;off;0.0404;on;1;1;16;MeshRefinement;0;2;2.45;2.44451;343;19683;0.000000181
TBB;hsw;generic;3;6;1;on;off;0.0404;on;1;1;16;Prediction;0;11;73.64;5.14672;343;19683;6.93030652998179E-08
TBB;hsw;generic;3;6;1;on;off;0.0404;on;1;1;16;SolutionUpdate;0;10;11.63;1.6877;343;19683;0.000000025
TBB;hsw;generic;3;6;1;on;off;0.0404;on;1;1;24;BroadcastGlobalDataAndDropNeighbourMessages;0;1;42.79;1.97128;343;19683;0.000000292
TBB;hsw;generic;3;6;1;on;off;0.0404;on;1;1;24;BroadcastGlobalDataAndMergeNeighbourMessages;0;10;522.11;23.5946;343;19683;3.49483926651419E-07
TBB;hsw;generic;3;6;1;on;off;0.0404;on;1;1;24;FinaliseMeshRefinement;0;1;0.87;0.139444;343;19683;2.06544873267529E-08
TBB;hsw;generic;3;6;1;on;off;0.0404;on;1;1;24;MeshRefinement;0;2;2.55;2.5444;343;19683;1.88438647608324E-07
TBB;hsw;generic;3;6;1;on;off;0.0404;on;1;1;24;Prediction;0;11;288.36;13.0013;343;19683;1.75068770572816E-07
TBB;hsw;generic;3;6;1;on;off;0.0404;on;1;1;24;SolutionUpdate;0;10;13.8;1.61213;343;19683;2.38789181707913E-08
TBB;hsw;generic;3;6;1;on;on;0.0404;off;1;1;1;BroadcastGlobalDataAndDropNeighbourMessages;0;1;0.1;0.0911764;343;19683;1.3505075860553E-08
TBB;hsw;generic;3;6;1;on;on;0.0404;off;1;1;1;FinaliseMeshRefinement;0;1;0.31;0.323483;343;19683;4.79143995003013E-08
TBB;hsw;generic;3;6;1;on;on;0.0404;off;1;1;1;FusedTimeStep;0;10;91.06;91.1682;343;19683;1.35038612740805E-06
TBB;hsw;generic;3;6;1;on;on;0.0404;off;1;1;1;MeshRefinement;0;2;2.56;2.55952;343;19683;1.89558437087902E-07
TBB;hsw;generic;3;6;1;on;on;0.0404;off;1;1;1;Prediction;0;1;7.99;7.9906;343;19683;1.18357008141729E-06
TBB;hsw;generic;3;6;1;on;on;0.0404;off;1;1;2;BroadcastGlobalDataAndDropNeighbourMessages;0;1;0.12;0.0956674;343;19683;1.41702841347308E-08
TBB;hsw;generic;3;6;1;on;on;0.0404;off;1;1;2;FinaliseMeshRefinement;0;1;0.41;0.24827;343;19683;3.67738272612156E-08
TBB;hsw;generic;3;6;1;on;on;0.0404;off;1;1;2;FusedTimeStep;0;10;96.53;48.7677;343;19683;7.22348642899579E-07
TBB;hsw;generic;3;6;1;on;on;0.0404;off;1;1;2;MeshRefinement;0;2;2.41;2.41436;343;19683;1.78807865602748E-07
TBB;hsw;generic;3;6;1;on;on;0.0404;off;1;1;2;Prediction;0;1;8.49;4.28958;343;19683;6.35373883043321E-07
TBB;hsw;generic;3;6;1;on;on;0.0404;off;1;1;4;BroadcastGlobalDataAndDropNeighbourMessages;0;1;0.17;0.102649;343;19683;1.52044008319029E-08
TBB;hsw;generic;3;6;1;on;on;0.0404;off;1;1;4;FinaliseMeshRefinement;0;1;0.49;0.182769;343;19683;2.70717993906035E-08
TBB;hsw;generic;3;6;1;on;on;0.0404;off;1;1;4;FusedTimeStep;0;10;108.16;27.8367;343;19683;4.1231803976408E-07
TBB;hsw;generic;3;6;1;on;on;0.0404;off;1;1;4;MeshRefinement;0;2;2.41;2.41137;343;19683;1.78586425751959E-07
TBB;hsw;generic;3;6;1;on;on;0.0404;off;1;1;4;Prediction;0;1;9.35;2.3953;343;19683;3.54792558258307E-07
TBB;hsw;generic;3;6;1;on;on;0.0404;off;1;1;8;BroadcastGlobalDataAndDropNeighbourMessages;0;1;0.15;0.0997576;343;19683;1.47761257920548E-08
TBB;hsw;generic;3;6;1;on;on;0.0404;off;1;1;8;FinaliseMeshRefinement;0;1;0.55;0.152055;343;19683;2.25224324493662E-08
TBB;hsw;generic;3;6;1;on;on;0.0404;off;1;1;8;FusedTimeStep;0;10;135.59;17.9048;343;19683;2.65206437486049E-07
TBB;hsw;generic;3;6;1;on;on;0.0404;off;1;1;8;MeshRefinement;0;2;2.44;2.44565;343;19683;1.81125207720208E-07
TBB;hsw;generic;3;6;1;on;on;0.0404;off;1;1;8;Prediction;0;1;11.32;1.49308;343;19683;2.21155459810593E-07
TBB;hsw;generic;3;6;1;on;on;0.0404;off;1;1;12;BroadcastGlobalDataAndDropNeighbourMessages;0;1;0.17;0.109437;343;19683;1.62098414386984E-08
TBB;hsw;generic;3;6;1;on;on;0.0404;off;1;1;12;FinaliseMeshRefinement;0;1;0.57;0.137649;343;19683;2.0388611385504E-08
TBB;hsw;generic;3;6;1;on;on;0.0404;off;1;1;12;FusedTimeStep;0;10;201.34;17.8481;343;19683;2.64366595376365E-07
TBB;hsw;generic;3;6;1;on;on;0.0404;off;1;1;12;MeshRefinement;0;2;2.51;2.5176;343;19683;1.86453835567802E-07
TBB;hsw;generic;3;6;1;on;on;0.0404;off;1;1;12;Prediction;0;1;18.31;1.61764;343;19683;2.39605324569351E-07
TBB;hsw;generic;3;6;1;on;on;0.0404;off;1;1;16;BroadcastGlobalDataAndDropNeighbourMessages;0;1;0.19;0.103531;343;19683;1.53350429378536E-08
TBB;hsw;generic;3;6;1;on;on;0.0404;off;1;1;16;FinaliseMeshRefinement;0;1;0.69;0.152662;343;19683;2.26123414723958E-08
TBB;hsw;generic;3;6;1;on;on;0.0404;off;1;1;16;FusedTimeStep;0;10;368.42;24.9695;343;19683;3.6984898690898E-07
TBB;hsw;generic;3;6;1;on;on;0.0404;off;1;1;16;MeshRefinement;0;2;2.55;2.54469;343;19683;1.88460125052046E-07
TBB;hsw;generic;3;6;1;on;on;0.0404;off;1;1;16;Prediction;0;1;37.95;2.46561;343;19683;3.65206896658984E-07
TBB;hsw;generic;3;6;1;on;on;0.0404;off;1;1;24;BroadcastGlobalDataAndDropNeighbourMessages;0;1;0.18;0.105521;343;19683;1.56298023379012E-08
TBB;hsw;generic;3;6;1;on;on;0.0404;off;1;1;24;FinaliseMeshRefinement;0;1;0.97;0.147517;343;19683;2.18502625210164E-08
TBB;hsw;generic;3;6;1;on;on;0.0404;off;1;1;24;FusedTimeStep;0;10;675.81;30.5314;343;19683;4.52232017417763E-07
TBB;hsw;generic;3;6;1;on;on;0.0404;off;1;1;24;MeshRefinement;0;2;2.49;2.49357;343;19683;1.84674170144902E-07
TBB;hsw;generic;3;6;1;on;on;0.0404;off;1;1;24;Prediction;0;1;71.61;3.08331;343;19683;4.56700806914967E-07
TBB;hsw;generic;3;6;1;on;on;0.0404;on;1;1;1;BroadcastGlobalDataAndDropNeighbourMessages;0;1;8.82;8.82829;343;19683;1.30764897680718E-06
TBB;hsw;generic;3;6;1;on;on;0.0404;on;1;1;1;FinaliseMeshRefinement;0;1;0.36;0.368948;343;19683;5.46486890094292E-08
TBB;hsw;generic;3;6;1;on;on;0.0404;on;1;1;1;FusedTimeStep;0;10;102.68;102.809;343;19683;1.52281000801479E-06
TBB;hsw;generic;3;6;1;on;on;0.0404;on;1;1;1;MeshRefinement;0;2;2.64;2.64362;343;19683;1.95786895767299E-07
TBB;hsw;generic;3;6;1;on;on;0.0404;on;1;1;1;Prediction;0;1;0.25;0.236641;343;19683;3.50513362747063E-08
TBB;hsw;generic;3;6;1;on;on;0.0404;on;1;1;2;BroadcastGlobalDataAndDropNeighbourMessages;0;1;7.86;3.97453;343;19683;5.88708582045835E-07
TBB;hsw;generic;3;6;1;on;on;0.0404;on;1;1;2;FinaliseMeshRefinement;0;1;0.39;0.236095;343;19683;0.000000035
TBB;hsw;generic;3;6;1;on;on;0.0404;on;1;1;2;FusedTimeStep;0;10;94.64;47.6267;343;19683;7.0544811649484E-07
TBB;hsw;generic;3;6;1;on;on;0.0404;on;1;1;2;MeshRefinement;0;2;2.42;2.42177;343;19683;1.79356651319922E-07
TBB;hsw;generic;3;6;1;on;on;0.0404;on;1;1;2;Prediction;0;1;0.25;0.140715;343;19683;2.08427482299994E-08
TBB;hsw;generic;3;6;1;on;on;0.0404;on;1;1;4;BroadcastGlobalDataAndDropNeighbourMessages;0;1;8.15;2.10503;343;19683;3.1179767833277E-07
TBB;hsw;generic;3;6;1;on;on;0.0404;on;1;1;4;FinaliseMeshRefinement;0;1;0.49;0.186318;343;19683;2.75974783407386E-08
TBB;hsw;generic;3;6;1;on;on;0.0404;on;1;1;4;FusedTimeStep;0;10;106.81;27.2199;343;19683;4.0318197956562E-07
TBB;hsw;generic;3;6;1;on;on;0.0404;on;1;1;4;MeshRefinement;0;2;2.41;2.41234;343;19683;1.78658264098201E-07
TBB;hsw;generic;3;6;1;on;on;0.0404;on;1;1;4;Prediction;0;1;0.47;0.146355;343;19683;2.16781467306369E-08
TBB;hsw;generic;3;6;1;on;on;0.0404;on;1;1;12;BroadcastGlobalDataAndDropNeighbourMessages;0;1;14.78;1.32704;343;19683;1.96561564944309E-07
TBB;hsw;generic;3;6;1;on;on;0.0404;on;1;1;12;FinaliseMeshRefinement;0;1;0.58;0.135563;343;19683;2.00796324365093E-08
TBB;hsw;generic;3;6;1;on;on;0.0404;on;1;1;12;FusedTimeStep;0;10;199.2;17.2555;343;19683;2.55588986307611E-07
TBB;hsw;generic;3;6;1;on;on;0.0404;on;1;1;12;MeshRefinement;0;2;2.45;2.44272;343;19683;1.80908211478464E-07
TBB;hsw;generic;3;6;1;on;on;0.0404;on;1;1;12;Prediction;0;1;2.35;0.238864;343;19683;3.53806077050107E-08
TBB;hsw;generic;3;6;1;on;on;0.0404;on;1;1;16;BroadcastGlobalDataAndDropNeighbourMessages;0;1;29.71;1.96967;343;19683;2.91748114317471E-07
TBB;hsw;generic;3;6;1;on;on;0.0404;on;1;1;16;FinaliseMeshRefinement;0;1;0.71;0.145506;343;19683;2.15523925946367E-08
TBB;hsw;generic;3;6;1;on;on;0.0404;on;1;1;16;FusedTimeStep;0;10;400.42;25.6945;343;19683;3.80587708770011E-07
TBB;hsw;generic;3;6;1;on;on;0.0404;on;1;1;16;MeshRefinement;0;2;2.53;2.52648;343;19683;1.87111489706602E-07
TBB;hsw;generic;3;6;1;on;on;0.0404;on;1;1;16;Prediction;0;1;5.41;0.386693;343;19683;5.7277083760105E-08
TBB;hsw;generic;3;9;1;on;off;0.0404;off;1;1;1;BroadcastGlobalDataAndDropNeighbourMessages;0;1;0.09;0.0888797;1000;19683;4.51555657166082E-09
TBB;hsw;generic;3;9;1;on;off;0.0404;off;1;1;1;BroadcastGlobalDataAndMergeNeighbourMessages;0;10;11.29;11.2885;1000;19683;5.73515216176396E-08
TBB;hsw;generic;3;9;1;on;off;0.0404;off;1;1;1;FinaliseMeshRefinement;0;1;0.71;0.71113;1000;19683;3.61291469796271E-08
TBB;hsw;generic;3;9;1;on;off;0.0404;off;1;1;1;MeshRefinement;0;2;4.98;4.98408;1000;19683;1.26608748666362E-07
TBB;hsw;generic;3;9;1;on;off;0.0404;off;1;1;1;Prediction;0;11;419.41;420.03;1000;19683;0.00000194
TBB;hsw;generic;3;9;1;on;off;0.0404;off;1;1;1;SolutionUpdate;0;10;15.27;15.3037;1000;19683;7.77508509881624E-08
TBB;hsw;generic;3;9;1;on;off;0.0404;off;1;1;2;BroadcastGlobalDataAndDropNeighbourMessages;0;1;0.12;0.0968391;1000;19683;4.91993598536808E-09
TBB;hsw;generic;3;9;1;on;off;0.0404;off;1;1;2;BroadcastGlobalDataAndMergeNeighbourMessages;0;10;13.25;7.34366;1000;19683;3.73096580805771E-08
TBB;hsw;generic;3;9;1;on;off;0.0404;off;1;1;2;FinaliseMeshRefinement;0;1;0.81;0.445348;1000;19683;2.26260224559264E-08
TBB;hsw;generic;3;9;1;on;off;0.0404;off;1;1;2;MeshRefinement;0;2;4.92;4.92404;1000;19683;1.25083574658335E-07
TBB;hsw;generic;3;9;1;on;off;0.0404;off;1;1;2;Prediction;0;11;429.59;215.461;1000;19683;9.95141169352418E-07
TBB;hsw;generic;3;9;1;on;off;0.0404;off;1;1;2;SolutionUpdate;0;10;15.09;7.92156;1000;19683;4.02456942539247E-08
TBB;hsw;generic;3;9;1;on;off;0.0404;off;1;1;4;BroadcastGlobalDataAndDropNeighbourMessages;0;1;0.16;0.100992;1000;19683;5.13092516384697E-09
TBB;hsw;generic;3;9;1;on;off;0.0404;off;1;1;4;BroadcastGlobalDataAndMergeNeighbourMessages;0;10;18.57;5.87508;1000;19683;2.98484987044658E-08
TBB;hsw;generic;3;9;1;on;off;0.0404;off;1;1;4;FinaliseMeshRefinement;0;1;0.98;0.30664;1000;19683;1.55789259767312E-08
TBB;hsw;generic;3;9;1;on;off;0.0404;off;1;1;4;MeshRefinement;0;2;4.96;4.9659;1000;19683;1.26146928821826E-07
TBB;hsw;generic;3;9;1;on;off;0.0404;off;1;1;4;Prediction;0;11;476.95;120.069;1000;19683;5.54557924928295E-07
TBB;hsw;generic;3;9;1;on;off;0.0404;off;1;1;4;SolutionUpdate;0;10;17.36;4.97936;1000;19683;2.52977696489356E-08
TBB;hsw;generic;3;9;1;on;off;0.0404;off;1;1;8;BroadcastGlobalDataAndDropNeighbourMessages;0;1;0.16;0.100035;1000;19683;5.08230452674897E-09
TBB;hsw;generic;3;9;1;on;off;0.0404;off;1;1;8;BroadcastGlobalDataAndMergeNeighbourMessages;0;10;26.69;4.81665;1000;19683;2.44711172077427E-08
TBB;hsw;generic;3;9;1;on;off;0.0404;off;1;1;8;FinaliseMeshRefinement;0;1;1.1;0.227861;1000;19683;1.15765381293502E-08
TBB;hsw;generic;3;9;1;on;off;0.0404;off;1;1;8;MeshRefinement;0;2;4.95;4.9591;1000;19683;0.000000126
TBB;hsw;generic;3;9;1;on;off;0.0404;off;1;1;8;Prediction;0;11;709.38;89.6434;1000;19683;0.000000414
TBB;hsw;generic;3;9;1;on;off;0.0404;off;1;1;8;SolutionUpdate;0;10;19.31;3.20212;1000;19683;1.62684550119392E-08
TBB;hsw;generic;3;9;1;on;off;0.0404;off;1;1;12;BroadcastGlobalDataAndDropNeighbourMessages;0;1;0.17;0.108348;1000;19683;5.50464868160341E-09
TBB;hsw;generic;3;9;1;on;off;0.0404;off;1;1;12;BroadcastGlobalDataAndMergeNeighbourMessages;0;10;35.47;4.54112;1000;19683;2.30712797845857E-08
TBB;hsw;generic;3;9;1;on;off;0.0404;off;1;1;12;FinaliseMeshRefinement;0;1;1.19;0.199585;1000;19683;1.01399685007367E-08
TBB;hsw;generic;3;9;1;on;off;0.0404;off;1;1;12;MeshRefinement;0;2;4.98;4.99215;1000;19683;1.26813747904283E-07
TBB;hsw;generic;3;9;1;on;off;0.0404;off;1;1;12;Prediction;0;11;1170.2;98.6557;1000;19683;4.55657166082406E-07
TBB;hsw;generic;3;9;1;on;off;0.0404;off;1;1;12;SolutionUpdate;0;10;21.18;2.66916;1000;19683;1.35607376924249E-08
TBB;hsw;generic;3;9;1;on;off;0.0404;off;1;1;16;BroadcastGlobalDataAndDropNeighbourMessages;0;1;0.16;0.100136;1000;19683;5.08743585835492E-09
TBB;hsw;generic;3;9;1;on;off;0.0404;off;1;1;16;BroadcastGlobalDataAndMergeNeighbourMessages;0;10;47.5;4.51871;1000;19683;0.000000023
TBB;hsw;generic;3;9;1;on;off;0.0404;off;1;1;16;FinaliseMeshRefinement;0;1;1.46;0.185933;1000;19683;9.4463750444546E-09
TBB;hsw;generic;3;9;1;on;off;0.0404;off;1;1;16;MeshRefinement;0;2;4.95;4.95767;1000;19683;1.25937865162831E-07
TBB;hsw;generic;3;9;1;on;off;0.0404;off;1;1;16;Prediction;0;11;1836.05;115.986;1000;19683;5.3569993487689E-07
TBB;hsw;generic;3;9;1;on;off;0.0404;off;1;1;16;SolutionUpdate;0;10;24.74;2.48107;1000;19683;1.26051414926586E-08
TBB;hsw;generic;3;9;1;on;off;0.0404;off;1;1;24;BroadcastGlobalDataAndDropNeighbourMessages;0;1;0.19;0.103724;1000;19683;5.26972514352487E-09
TBB;hsw;generic;3;9;1;on;off;0.0404;off;1;1;24;BroadcastGlobalDataAndMergeNeighbourMessages;0;10;62.22;4.52435;1000;19683;0.000000023
TBB;hsw;generic;3;9;1;on;off;0.0404;off;1;1;24;FinaliseMeshRefinement;0;1;1.79;0.175385;1000;19683;8.91048112584464E-09
TBB;hsw;generic;3;9;1;on;off;0.0404;off;1;1;24;MeshRefinement;0;2;4.94;4.95414;1000;19683;1.25848193872885E-07
TBB;hsw;generic;3;9;1;on;off;0.0404;off;1;1;24;Prediction;0;11;2705.54;123.159;1000;19683;5.68829585290491E-07
TBB;hsw;generic;3;9;1;on;off;0.0404;off;1;1;24;SolutionUpdate;0;10;29.21;2.29289;1000;19683;1.16490880455215E-08
TBB;hsw;generic;3;9;1;on;off;0.0404;on;1;1;1;BroadcastGlobalDataAndDropNeighbourMessages;0;1;43.44;43.4982;1000;19683;2.20993750952599E-06
TBB;hsw;generic;3;9;1;on;off;0.0404;on;1;1;1;BroadcastGlobalDataAndMergeNeighbourMessages;0;10;442.61;443.13;1000;19683;2.25133363816491E-06
TBB;hsw;generic;3;9;1;on;off;0.0404;on;1;1;1;FinaliseMeshRefinement;0;1;0.82;0.819936;1000;19683;4.16570644718793E-08
TBB;hsw;generic;3;9;1;on;off;0.0404;on;1;1;1;MeshRefinement;0;2;5.16;5.1658;1000;19683;1.31224914901184E-07
TBB;hsw;generic;3;9;1;on;off;0.0404;on;1;1;1;Prediction;0;11;2.47;2.45617;1000;19683;1.1344214897027E-08
TBB;hsw;generic;3;9;1;on;off;0.0404;on;1;1;1;SolutionUpdate;0;10;16.33;16.3601;1000;19683;8.31179190164101E-08
TBB;hsw;generic;3;9;1;on;off;0.0404;on;1;1;2;BroadcastGlobalDataAndDropNeighbourMessages;0;1;39.98;20.0465;1000;19683;1.01846771325509E-06
TBB;hsw;generic;3;9;1;on;off;0.0404;on;1;1;2;BroadcastGlobalDataAndMergeNeighbourMessages;0;10;399.04;200.522;1000;19683;1.01875730325662E-06
TBB;hsw;generic;3;9;1;on;off;0.0404;on;1;1;2;FinaliseMeshRefinement;0;1;0.81;0.446314;1000;19683;2.26751003403953E-08
TBB;hsw;generic;3;9;1;on;off;0.0404;on;1;1;2;MeshRefinement;0;2;4.82;4.82608;1000;19683;1.22595132855764E-07
TBB;hsw;generic;3;9;1;on;off;0.0404;on;1;1;2;Prediction;0;11;2.85;1.60505;1000;19683;7.41318073279665E-09
TBB;hsw;generic;3;9;1;on;off;0.0404;on;1;1;2;SolutionUpdate;0;10;15.15;7.95114;1000;19683;4.03959762231367E-08
TBB;hsw;generic;3;9;1;on;off;0.0404;on;1;1;4;BroadcastGlobalDataAndDropNeighbourMessages;0;1;42.74;10.7583;1000;19683;5.46578265508307E-07
TBB;hsw;generic;3;9;1;on;off;0.0404;on;1;1;4;BroadcastGlobalDataAndMergeNeighbourMessages;0;10;445.52;112.796;1000;19683;5.73063049331911E-07
TBB;hsw;generic;3;9;1;on;off;0.0404;on;1;1;4;FinaliseMeshRefinement;0;1;0.96;0.303921;1000;19683;1.54407864654778E-08
TBB;hsw;generic;3;9;1;on;off;0.0404;on;1;1;4;MeshRefinement;0;2;4.93;4.93512;1000;19683;1.25365035817711E-07
TBB;hsw;generic;3;9;1;on;off;0.0404;on;1;1;4;Prediction;0;11;5.37;1.71085;1000;19683;7.90183499374172E-09
TBB;hsw;generic;3;9;1;on;off;0.0404;on;1;1;4;SolutionUpdate;0;10;17.47;5.00961;1000;19683;2.54514555707971E-08
TBB;hsw;generic;3;9;1;on;off;0.0404;on;1;1;8;BroadcastGlobalDataAndDropNeighbourMessages;0;1;63.76;8.05772;1000;19683;4.09374587207235E-07
TBB;hsw;generic;3;9;1;on;off;0.0404;on;1;1;8;BroadcastGlobalDataAndMergeNeighbourMessages;0;10;661.5;84.3469;1000;19683;4.28526647360667E-07
TBB;hsw;generic;3;9;1;on;off;0.0404;on;1;1;8;FinaliseMeshRefinement;0;1;1.09;0.2183;1000;19683;1.1090789005741E-08
TBB;hsw;generic;3;9;1;on;off;0.0404;on;1;1;8;MeshRefinement;0;2;4.96;4.97021;1000;19683;1.26256414164507E-07
TBB;hsw;generic;3;9;1;on;off;0.0404;on;1;1;8;Prediction;0;11;12.41;2.04393;1000;19683;9.44021837025952E-09
TBB;hsw;generic;3;9;1;on;off;0.0404;on;1;1;8;SolutionUpdate;0;10;19.36;3.24065;1000;19683;1.64642076919169E-08
TBB;hsw;generic;3;9;1;on;off;0.0404;on;1;1;16;BroadcastGlobalDataAndDropNeighbourMessages;0;1;158.07;9.98187;1000;19683;5.07131534827008E-07
TBB;hsw;generic;3;9;1;on;off;0.0404;on;1;1;16;BroadcastGlobalDataAndMergeNeighbourMessages;0;10;1620.5;103.157;1000;19683;5.24091855916273E-07
TBB;hsw;generic;3;9;1;on;off;0.0404;on;1;1;16;FinaliseMeshRefinement;0;1;1.56;0.2366;1000;19683;0.000000012
TBB;hsw;generic;3;9;1;on;off;0.0404;on;1;1;16;MeshRefinement;0;2;5.08;5.09771;1000;19683;1.2949524970787E-07
TBB;hsw;generic;3;9;1;on;off;0.0404;on;1;1;16;Prediction;0;11;107.24;7.23251;1000;19683;3.34045068887319E-08
TBB;hsw;generic;3;9;1;on;off;0.0404;on;1;1;16;SolutionUpdate;0;10;24.81;2.4826;1000;19683;1.26129146979627E-08
TBB;hsw;generic;3;9;1;on;off;0.0404;on;1;1;24;BroadcastGlobalDataAndDropNeighbourMessages;0;1;208.99;10.1042;1000;19683;5.13346542701824E-07
TBB;hsw;generic;3;9;1;on;off;0.0404;on;1;1;24;BroadcastGlobalDataAndMergeNeighbourMessages;0;10;2166.82;105.311;1000;19683;0.000000535
TBB;hsw;generic;3;9;1;on;off;0.0404;on;1;1;24;FinaliseMeshRefinement;0;1;1.44;0.230848;1000;19683;1.17282934512015E-08
TBB;hsw;generic;3;9;1;on;off;0.0404;on;1;1;24;MeshRefinement;0;2;5.27;5.27221;1000;19683;1.33928008941726E-07
TBB;hsw;generic;3;9;1;on;off;0.0404;on;1;1;24;Prediction;0;11;256.48;12.7779;1000;19683;0.000000059
TBB;hsw;generic;3;9;1;on;off;0.0404;on;1;1;24;SolutionUpdate;0;10;26.82;2.28382;1000;19683;1.16030076715948E-08
TBB;hsw;generic;3;9;1;on;on;0.0404;off;1;1;1;BroadcastGlobalDataAndDropNeighbourMessages;0;1;0.09;0.0923684;1000;19683;4.69280089417264E-09
TBB;hsw;generic;3;9;1;on;on;0.0404;off;1;1;1;FinaliseMeshRefinement;0;1;0.75;0.752873;1000;19683;3.8249911090789E-08
TBB;hsw;generic;3;9;1;on;on;0.0404;off;1;1;1;FusedTimeStep;0;10;403.15;403.62;1000;19683;2.05060204237159E-06
TBB;hsw;generic;3;9;1;on;on;0.0404;off;1;1;1;MeshRefinement;0;2;4.88;4.87212;1000;19683;1.23764670019814E-07
TBB;hsw;generic;3;9;1;on;on;0.0404;off;1;1;1;Prediction;0;1;38.32;38.3671;1000;19683;1.94925062236448E-06
TBB;hsw;generic;3;9;1;on;on;0.0404;off;1;1;2;BroadcastGlobalDataAndDropNeighbourMessages;0;1;0.12;0.097922;1000;19683;0.000000005
TBB;hsw;generic;3;9;1;on;on;0.0404;off;1;1;2;FinaliseMeshRefinement;0;1;0.83;0.453243;1000;19683;0.000000023
TBB;hsw;generic;3;9;1;on;on;0.0404;off;1;1;2;FusedTimeStep;0;10;414.13;208.028;1000;19683;1.05689173398364E-06
TBB;hsw;generic;3;9;1;on;on;0.0404;off;1;1;2;MeshRefinement;0;2;4.82;4.83185;1000;19683;1.22741706040746E-07
TBB;hsw;generic;3;9;1;on;on;0.0404;off;1;1;2;Prediction;0;1;39.55;19.8357;1000;19683;1.00775796372504E-06
TBB;hsw;generic;3;9;1;on;on;0.0404;off;1;1;4;BroadcastGlobalDataAndDropNeighbourMessages;0;1;0.16;0.10201;1000;19683;5.18264492201392E-09
TBB;hsw;generic;3;9;1;on;on;0.0404;off;1;1;4;FinaliseMeshRefinement;0;1;0.96;0.308289;1000;19683;1.56627038561195E-08
TBB;hsw;generic;3;9;1;on;on;0.0404;off;1;1;4;FusedTimeStep;0;10;467.53;118.254;1000;19683;6.00792562109435E-07
TBB;hsw;generic;3;9;1;on;on;0.0404;off;1;1;4;MeshRefinement;0;2;4.86;4.86778;1000;19683;1.23654422598181E-07
TBB;hsw;generic;3;9;1;on;on;0.0404;off;1;1;4;Prediction;0;1;43.9;11.047;1000;19683;5.61245745059188E-07
TBB;hsw;generic;3;9;1;on;on;0.0404;off;1;1;8;BroadcastGlobalDataAndDropNeighbourMessages;0;1;0.17;0.108935;1000;19683;5.53447137123406E-09
TBB;hsw;generic;3;9;1;on;on;0.0404;off;1;1;8;FinaliseMeshRefinement;0;1;1.1;0.217967;1000;19683;1.10738708530204E-08
TBB;hsw;generic;3;9;1;on;on;0.0404;off;1;1;8;FusedTimeStep;0;10;695.66;88.5194;1000;19683;4.49725143524869E-07
TBB;hsw;generic;3;9;1;on;on;0.0404;off;1;1;8;MeshRefinement;0;2;4.92;4.92711;1000;19683;1.25161560737692E-07
TBB;hsw;generic;3;9;1;on;on;0.0404;off;1;1;8;Prediction;0;1;65.2;8.23489;1000;19683;4.18375755728293E-07
TBB;hsw;generic;3;9;1;on;on;0.0404;off;1;1;12;BroadcastGlobalDataAndDropNeighbourMessages;0;1;0.16;0.0986151;1000;19683;0.000000005
TBB;hsw;generic;3;9;1;on;on;0.0404;off;1;1;12;FinaliseMeshRefinement;0;1;1.12;0.227148;1000;19683;1.1540313976528E-08
TBB;hsw;generic;3;9;1;on;on;0.0404;off;1;1;12;FusedTimeStep;0;10;1105.07;93.715;1000;19683;4.76121526190113E-07
TBB;hsw;generic;3;9;1;on;on;0.0404;off;1;1;12;MeshRefinement;0;2;5.27;5.27803;1000;19683;1.34075852258294E-07
TBB;hsw;generic;3;9;1;on;on;0.0404;off;1;1;12;Prediction;0;1;106.66;9.01514;1000;19683;0.000000458
TBB;hsw;generic;3;9;1;on;on;0.0404;off;1;1;16;BroadcastGlobalDataAndDropNeighbourMessages;0;1;0.18;0.105556;1000;19683;5.36280038612E-09
TBB;hsw;generic;3;9;1;on;on;0.0404;off;1;1;16;FinaliseMeshRefinement;0;1;1.43;0.189041;1000;19683;9.60427780318041E-09
TBB;hsw;generic;3;9;1;on;on;0.0404;off;1;1;16;FusedTimeStep;0;10;1665.4;109.996;1000;19683;5.58837575572829E-07
TBB;hsw;generic;3;9;1;on;on;0.0404;off;1;1;16;MeshRefinement;0;2;4.85;4.85421;1000;19683;1.23309708885841E-07
TBB;hsw;generic;3;9;1;on;on;0.0404;off;1;1;16;Prediction;0;1;172.96;10.9173;1000;19683;5.54656302392928E-07
TBB;hsw;generic;3;9;1;on;on;0.0404;off;1;1;24;BroadcastGlobalDataAndDropNeighbourMessages;0;1;0.22;0.120092;1000;19683;6.10130569527003E-09
TBB;hsw;generic;3;9;1;on;on;0.0404;off;1;1;24;FinaliseMeshRefinement;0;1;1.6;0.175556;1000;19683;8.91916882589036E-09
TBB;hsw;generic;3;9;1;on;on;0.0404;off;1;1;24;FusedTimeStep;0;10;2520.61;115.334;1000;19683;0.000000586
TBB;hsw;generic;3;9;1;on;on;0.0404;off;1;1;24;MeshRefinement;0;2;4.96;4.96472;1000;19683;1.26116953716405E-07
TBB;hsw;generic;3;9;1;on;on;0.0404;off;1;1;24;Prediction;0;1;281.09;11.8342;1000;19683;6.01239648427577E-07
TBB;hsw;generic;3;9;1;on;on;0.0404;on;1;1;1;BroadcastGlobalDataAndDropNeighbourMessages;0;1;39.51;39.5552;1000;19683;2.00961235584007E-06
TBB;hsw;generic;3;9;1;on;on;0.0404;on;1;1;1;FinaliseMeshRefinement;0;1;0.71;0.706799;1000;19683;3.59091093837321E-08
TBB;hsw;generic;3;9;1;on;on;0.0404;on;1;1;1;FusedTimeStep;0;10;421.7;422.208;1000;19683;0.000002145
TBB;hsw;generic;3;9;1;on;on;0.0404;on;1;1;1;MeshRefinement;0;2;4.89;4.89798;1000;19683;1.24421582075903E-07
TBB;hsw;generic;3;9;1;on;on;0.0404;on;1;1;1;Prediction;0;1;0.21;0.210052;1000;19683;1.06717471930092E-08
TBB;hsw;generic;3;9;1;on;on;0.0404;on;1;1;2;BroadcastGlobalDataAndDropNeighbourMessages;0;1;38.25;19.1956;1000;19683;9.75237514606513E-07
TBB;hsw;generic;3;9;1;on;on;0.0404;on;1;1;2;FinaliseMeshRefinement;0;1;0.8;0.440568;1000;19683;2.23831732967535E-08
TBB;hsw;generic;3;9;1;on;on;0.0404;on;1;1;2;FusedTimeStep;0;10;410.76;206.233;1000;19683;1.0477721891988E-06
TBB;hsw;generic;3;9;1;on;on;0.0404;on;1;1;2;MeshRefinement;0;2;4.92;4.92366;1000;19683;1.25073921658284E-07
TBB;hsw;generic;3;9;1;on;on;0.0404;on;1;1;2;Prediction;0;1;0.25;0.143237;1000;19683;7.27719351724839E-09
TBB;hsw;generic;3;9;1;on;on;0.0404;on;1;1;16;BroadcastGlobalDataAndDropNeighbourMessages;0;1;148.48;9.3922;1000;19683;4.77173195143017E-07
TBB;hsw;generic;3;9;1;on;on;0.0404;on;1;1;16;FinaliseMeshRefinement;0;1;1.45;0.190752;1000;19683;9.69120560890108E-09
TBB;hsw;generic;3;9;1;on;on;0.0404;on;1;1;16;FusedTimeStep;0;10;1682.24;106.473;1000;19683;5.40938881268099E-07
TBB;hsw;generic;3;9;1;on;on;0.0404;on;1;1;16;MeshRefinement;0;2;5.09;5.09329;1000;19683;1.293829700757E-07
TBB;hsw;generic;3;9;1;on;on;0.0404;on;1;1;16;Prediction;0;1;2.08;0.17328;1000;19683;8.8035360463344E-09
TBB;hsw;generic,usestack;3;3;1;on;off;0.0404;off;1;1;1;BroadcastGlobalDataAndDropNeighbourMessages;0;1;0.09;0.0907852;64;19683;7.20682187674643E-08
TBB;hsw;generic,usestack;3;3;1;on;off;0.0404;off;1;1;1;BroadcastGlobalDataAndMergeNeighbourMessages;0;10;7.04;7.04584;64;19683;5.59321495706955E-07
TBB;hsw;generic,usestack;3;3;1;on;off;0.0404;off;1;1;1;FinaliseMeshRefinement;0;1;0.16;0.161386;64;19683;1.28113410049281E-07
TBB;hsw;generic,usestack;3;3;1;on;off;0.0404;off;1;1;1;MeshRefinement;0;2;1.27;1.27508;64;19683;5.06099806939999E-07
TBB;hsw;generic,usestack;3;3;1;on;off;0.0404;off;1;1;1;Prediction;0;11;8.71;8.73007;64;19683;0.00000063
TBB;hsw;generic,usestack;3;3;1;on;off;0.0404;off;1;1;1;SolutionUpdate;0;10;2.21;2.20607;64;19683;1.75124949194737E-07
TBB;hsw;generic,usestack;3;3;1;on;off;0.0404;off;1;1;2;BroadcastGlobalDataAndDropNeighbourMessages;0;1;0.12;0.0966443;64;19683;7.67193612508256E-08
TBB;hsw;generic,usestack;3;3;1;on;off;0.0404;off;1;1;2;BroadcastGlobalDataAndMergeNeighbourMessages;0;10;8.76;4.71572;64;19683;3.74349057562363E-07
TBB;hsw;generic,usestack;3;3;1;on;off;0.0404;off;1;1;2;FinaliseMeshRefinement;0;1;0.22;0.140199;64;19683;1.11294486358787E-07
TBB;hsw;generic,usestack;3;3;1;on;off;0.0404;off;1;1;2;MeshRefinement;0;2;1.17;1.17867;64;19683;4.67833123761622E-07
TBB;hsw;generic,usestack;3;3;1;on;off;0.0404;off;1;1;2;Prediction;0;11;10.56;5.71826;64;19683;4.12667195503272E-07
TBB;hsw;generic,usestack;3;3;1;on;off;0.0404;off;1;1;2;SolutionUpdate;0;10;2.75;1.74098;64;19683;1.3820460549713E-07
TBB;hsw;generic,usestack;3;3;1;on;off;0.0404;off;1;1;8;BroadcastGlobalDataAndDropNeighbourMessages;0;1;0.16;0.0997629;64;19683;7.91950064776711E-08
TBB;hsw;generic,usestack;3;3;1;on;off;0.0404;off;1;1;8;BroadcastGlobalDataAndMergeNeighbourMessages;0;10;14.16;2.50944;64;19683;1.99207437890565E-07
TBB;hsw;generic,usestack;3;3;1;on;off;0.0404;off;1;1;8;FinaliseMeshRefinement;0;1;0.29;0.138811;64;19683;1.10192647208251E-07
TBB;hsw;generic,usestack;3;3;1;on;off;0.0404;off;1;1;8;MeshRefinement;0;2;1.32;1.33752;64;19683;5.30883249504649E-07
TBB;hsw;generic,usestack;3;3;1;on;off;0.0404;off;1;1;8;Prediction;0;11;13.44;2.56063;64;19683;1.84791877393043E-07
TBB;hsw;generic,usestack;3;3;1;on;off;0.0404;off;1;1;8;SolutionUpdate;0;10;3.76;1.32602;64;19683;1.05263742823757E-07
TBB;hsw;generic,usestack;3;3;1;on;off;0.0404;off;1;1;12;BroadcastGlobalDataAndDropNeighbourMessages;0;1;0.16;0.107021;64;19683;0.000000085
TBB;hsw;generic,usestack;3;3;1;on;off;0.0404;off;1;1;12;BroadcastGlobalDataAndMergeNeighbourMessages;0;10;16.8;2.31744;64;19683;0.000000184
TBB;hsw;generic,usestack;3;3;1;on;off;0.0404;off;1;1;12;FinaliseMeshRefinement;0;1;0.29;0.130925;64;19683;1.03932486155566E-07
TBB;hsw;generic,usestack;3;3;1;on;off;0.0404;off;1;1;12;MeshRefinement;0;2;1.27;1.27628;64;19683;5.06576106284611E-07
TBB;hsw;generic,usestack;3;3;1;on;off;0.0404;off;1;1;12;Prediction;0;11;14.43;2.24665;64;19683;1.62133018571633E-07
TBB;hsw;generic,usestack;3;3;1;on;off;0.0404;off;1;1;12;SolutionUpdate;0;10;3.97;1.29724;64;19683;0.000000103
TBB;hsw;generic,usestack;3;3;1;on;off;0.0404;off;1;1;16;BroadcastGlobalDataAndDropNeighbourMessages;0;1;0.17;0.105805;64;19683;0.000000084
TBB;hsw;generic,usestack;3;3;1;on;off;0.0404;off;1;1;16;BroadcastGlobalDataAndMergeNeighbourMessages;0;10;21.71;2.28045;64;19683;0.000000181
TBB;hsw;generic,usestack;3;3;1;on;off;0.0404;off;1;1;16;FinaliseMeshRefinement;0;1;0.31;0.114666;64;19683;0.000000091
TBB;hsw;generic,usestack;3;3;1;on;off;0.0404;off;1;1;16;MeshRefinement;0;2;1.19;1.19047;64;19683;4.72516733983641E-07
TBB;hsw;generic,usestack;3;3;1;on;off;0.0404;off;1;1;16;Prediction;0;11;16.61;2.11029;64;19683;1.52292385445678E-07
TBB;hsw;generic,usestack;3;3;1;on;off;0.0404;off;1;1;16;SolutionUpdate;0;10;4.44;1.31296;64;19683;1.04226997916984E-07
TBB;hsw;generic,usestack;3;3;1;on;off;0.0404;off;1;1;24;BroadcastGlobalDataAndDropNeighbourMessages;0;1;0.19;0.106154;64;19683;8.42684677132551E-08
TBB;hsw;generic,usestack;3;3;1;on;off;0.0404;off;1;1;24;BroadcastGlobalDataAndMergeNeighbourMessages;0;10;31.59;2.31788;64;19683;0.000000184
TBB;hsw;generic,usestack;3;3;1;on;off;0.0404;off;1;1;24;FinaliseMeshRefinement;0;1;0.41;0.124782;64;19683;9.90559746989788E-08
TBB;hsw;generic,usestack;3;3;1;on;off;0.0404;off;1;1;24;MeshRefinement;0;2;1.27;1.27209;64;19683;5.04913027739674E-07
TBB;hsw;generic,usestack;3;3;1;on;off;0.0404;off;1;1;24;Prediction;0;11;19.49;1.91893;64;19683;1.38482591114621E-07
TBB;hsw;generic,usestack;3;3;1;on;off;0.0404;off;1;1;24;SolutionUpdate;0;10;4.53;1.2452;64;19683;9.88479906518315E-08
TBB;hsw;generic,usestack;3;3;1;on;off;0.0404;on;1;1;1;BroadcastGlobalDataAndDropNeighbourMessages;0;1;0.71;0.705689;64;19683;5.60198680333283E-07
TBB;hsw;generic,usestack;3;3;1;on;off;0.0404;on;1;1;1;BroadcastGlobalDataAndMergeNeighbourMessages;0;10;13.27;13.285;64;19683;1.0546061321953E-06
TBB;hsw;generic,usestack;3;3;1;on;off;0.0404;on;1;1;1;FinaliseMeshRefinement;0;1;0.17;0.162533;64;19683;0.000000129
TBB;hsw;generic,usestack;3;3;1;on;off;0.0404;on;1;1;1;MeshRefinement;0;2;1.3;1.30463;64;19683;5.17828678301072E-07
TBB;hsw;generic,usestack;3;3;1;on;off;0.0404;on;1;1;1;Prediction;0;11;2.21;2.21761;64;19683;0.00000016
TBB;hsw;generic,usestack;3;3;1;on;off;0.0404;on;1;1;1;SolutionUpdate;0;10;2.2;2.20453;64;19683;0.000000175
TBB;hsw;generic,usestack;3;3;1;on;off;0.0404;on;1;1;2;BroadcastGlobalDataAndDropNeighbourMessages;0;1;0.82;0.451813;64;19683;3.58663726312046E-07
TBB;hsw;generic,usestack;3;3;1;on;off;0.0404;on;1;1;2;BroadcastGlobalDataAndMergeNeighbourMessages;0;10;15.41;8.0572;64;19683;6.39606513234771E-07
TBB;hsw;generic,usestack;3;3;1;on;off;0.0404;on;1;1;2;FinaliseMeshRefinement;0;1;0.2;0.141595;64;19683;1.12402676167251E-07
TBB;hsw;generic,usestack;3;3;1;on;off;0.0404;on;1;1;2;MeshRefinement;0;2;1.27;1.26818;64;19683;5.03361085708479E-07
TBB;hsw;generic,usestack;3;3;1;on;off;0.0404;on;1;1;2;Prediction;0;11;2.76;1.56761;64;19683;1.13129032667784E-07
TBB;hsw;generic,usestack;3;3;1;on;off;0.0404;on;1;1;2;SolutionUpdate;0;10;2.69;1.73246;64;19683;1.3752826042778E-07
TBB;hsw;generic,usestack;3;3;1;on;off;0.0404;on;1;1;8;BroadcastGlobalDataAndDropNeighbourMessages;0;1;0.55;0.153444;64;19683;1.21808794391099E-07
TBB;hsw;generic,usestack;3;3;1;on;off;0.0404;on;1;1;8;BroadcastGlobalDataAndMergeNeighbourMessages;0;10;17.94;3.01439;64;19683;2.39291996900879E-07
TBB;hsw;generic,usestack;3;3;1;on;off;0.0404;on;1;1;8;FinaliseMeshRefinement;0;1;0.29;0.121331;64;19683;9.63164596352182E-08
TBB;hsw;generic,usestack;3;3;1;on;off;0.0404;on;1;1;8;MeshRefinement;0;2;1.18;1.18273;64;19683;4.69444603210893E-07
TBB;hsw;generic,usestack;3;3;1;on;off;0.0404;on;1;1;8;Prediction;0;11;10.99;1.84486;64;19683;1.33137213469861E-07
TBB;hsw;generic,usestack;3;3;1;on;off;0.0404;on;1;1;8;SolutionUpdate;0;10;3.78;1.35679;64;19683;1.07706364629376E-07
TBB;hsw;generic,usestack;3;3;1;on;off;0.0404;on;1;1;24;BroadcastGlobalDataAndDropNeighbourMessages;0;1;0.19;0.111892;64;19683;8.88234771122288E-08
TBB;hsw;generic,usestack;3;3;1;on;off;0.0404;on;1;1;24;BroadcastGlobalDataAndMergeNeighbourMessages;0;10;30.97;2.32347;64;19683;1.84444539704313E-07
TBB;hsw;generic,usestack;3;3;1;on;off;0.0404;on;1;1;24;FinaliseMeshRefinement;0;1;0.39;0.120743;64;19683;9.58496862774983E-08
TBB;hsw;generic,usestack;3;3;1;on;off;0.0404;on;1;1;24;MeshRefinement;0;2;1.27;1.26814;64;19683;5.03345209063659E-07
TBB;hsw;generic,usestack;3;3;1;on;off;0.0404;on;1;1;24;Prediction;0;11;275.46;12.6363;64;19683;9.11918395200288E-07
TBB;hsw;generic,usestack;3;3;1;on;off;0.0404;on;1;1;24;SolutionUpdate;0;10;4.88;1.26866;64;19683;1.00710321089265E-07
TBB;hsw;generic,usestack;3;3;1;on;on;0.0404;off;1;1;1;BroadcastGlobalDataAndDropNeighbourMessages;0;1;0.09;0.0993883;64;19683;7.88976369201849E-08
TBB;hsw;generic,usestack;3;3;1;on;on;0.0404;off;1;1;1;FinaliseMeshRefinement;0;1;0.17;0.163051;64;19683;1.2943514073058E-07
TBB;hsw;generic,usestack;3;3;1;on;on;0.0404;off;1;1;1;FusedTimeStep;0;10;15.31;15.3264;64;19683;1.21665904587715E-06
TBB;hsw;generic,usestack;3;3;1;on;on;0.0404;off;1;1;1;MeshRefinement;0;2;1.27;1.27238;64;19683;0.000000505
TBB;hsw;generic,usestack;3;3;1;on;on;0.0404;off;1;1;1;Prediction;0;1;0.8;0.807179;64;19683;6.4076471447442E-07
TBB;hsw;generic,usestack;3;3;1;on;on;0.0404;off;1;1;2;BroadcastGlobalDataAndDropNeighbourMessages;0;1;0.13;0.0977202;64;19683;7.75734453589392E-08
TBB;hsw;generic,usestack;3;3;1;on;on;0.0404;off;1;1;2;FinaliseMeshRefinement;0;1;0.21;0.140718;64;19683;1.11706485291876E-07
TBB;hsw;generic,usestack;3;3;1;on;on;0.0404;off;1;1;2;FusedTimeStep;0;10;16.98;8.83766;64;19683;7.01561944317431E-07
TBB;hsw;generic,usestack;3;3;1;on;on;0.0404;off;1;1;2;MeshRefinement;0;2;1.28;1.27907;64;19683;5.07683502260834E-07
TBB;hsw;generic,usestack;3;3;1;on;on;0.0404;off;1;1;2;Prediction;0;1;0.95;0.514963;64;19683;4.0879423233247E-07
TBB;hsw;generic,usestack;3;3;1;on;on;0.0404;off;1;1;4;BroadcastGlobalDataAndDropNeighbourMessages;0;1;0.16;0.103344;64;19683;0.000000082
TBB;hsw;generic,usestack;3;3;1;on;on;0.0404;off;1;1;4;FinaliseMeshRefinement;0;1;0.27;0.136321;64;19683;1.08216004928111E-07
TBB;hsw;generic,usestack;3;3;1;on;on;0.0404;off;1;1;4;FusedTimeStep;0;10;20.16;5.61739;64;19683;4.45926529238429E-07
TBB;hsw;generic,usestack;3;3;1;on;on;0.0404;off;1;1;4;MeshRefinement;0;2;1.25;1.25487;64;19683;4.9807813214449E-07
TBB;hsw;generic,usestack;3;3;1;on;on;0.0404;off;1;1;4;Prediction;0;1;1.08;0.331815;64;19683;2.63405445054108E-07
TBB;hsw;generic,usestack;3;3;1;on;on;0.0404;off;1;1;8;BroadcastGlobalDataAndDropNeighbourMessages;0;1;0.16;0.100156;64;19683;7.95070619316161E-08
TBB;hsw;generic,usestack;3;3;1;on;on;0.0404;off;1;1;8;FinaliseMeshRefinement;0;1;0.29;0.123752;64;19683;9.8238327490728E-08
TBB;hsw;generic,usestack;3;3;1;on;on;0.0404;off;1;1;8;FusedTimeStep;0;10;25.11;3.89036;64;19683;3.08829319717523E-07
TBB;hsw;generic,usestack;3;3;1;on;on;0.0404;off;1;1;8;MeshRefinement;0;2;1.32;1.31598;64;19683;5.22333676268862E-07
TBB;hsw;generic,usestack;3;3;1;on;on;0.0404;off;1;1;8;Prediction;0;1;1.23;0.236394;64;19683;1.87657178783722E-07
TBB;hsw;generic,usestack;3;3;1;on;on;0.0404;off;1;1;12;BroadcastGlobalDataAndDropNeighbourMessages;0;1;0.17;0.102563;64;19683;8.14178161357517E-08
TBB;hsw;generic,usestack;3;3;1;on;on;0.0404;off;1;1;12;FinaliseMeshRefinement;0;1;0.28;0.113915;64;19683;9.04293997358126E-08
TBB;hsw;generic,usestack;3;3;1;on;on;0.0404;off;1;1;12;FusedTimeStep;0;10;29.2;3.24203;64;19683;2.57362794035462E-07
TBB;hsw;generic,usestack;3;3;1;on;on;0.0404;off;1;1;12;MeshRefinement;0;2;1.19;1.18291;64;19683;4.69516048112585E-07
TBB;hsw;generic,usestack;3;3;1;on;on;0.0404;off;1;1;12;Prediction;0;1;1.35;0.204312;64;19683;1.62189452827313E-07
TBB;hsw;generic,usestack;3;3;1;on;on;0.0404;off;1;1;16;BroadcastGlobalDataAndDropNeighbourMessages;0;1;0.19;0.110981;64;19683;8.81002959406595E-08
TBB;hsw;generic,usestack;3;3;1;on;on;0.0404;off;1;1;16;FinaliseMeshRefinement;0;1;0.31;0.115439;64;19683;9.16392000711274E-08
TBB;hsw;generic,usestack;3;3;1;on;on;0.0404;off;1;1;16;FusedTimeStep;0;10;36.6;3.11796;64;19683;2.47513717421125E-07
TBB;hsw;generic,usestack;3;3;1;on;on;0.0404;off;1;1;16;MeshRefinement;0;2;1.28;1.27334;64;19683;5.05409172890311E-07
TBB;hsw;generic,usestack;3;3;1;on;on;0.0404;off;1;1;16;Prediction;0;1;1.53;0.191127;64;19683;1.51722774729462E-07
TBB;hsw;generic,usestack;3;3;1;on;on;0.0404;off;1;1;24;BroadcastGlobalDataAndDropNeighbourMessages;0;1;0.21;0.111897;64;19683;8.88274462734339E-08
TBB;hsw;generic,usestack;3;3;1;on;on;0.0404;off;1;1;24;FinaliseMeshRefinement;0;1;0.37;0.122037;64;19683;9.68769051973784E-08
TBB;hsw;generic,usestack;3;3;1;on;on;0.0404;off;1;1;24;FusedTimeStep;0;10;48.5;3.02633;64;19683;2.40239832596657E-07
TBB;hsw;generic,usestack;3;3;1;on;on;0.0404;off;1;1;24;MeshRefinement;0;2;1.31;1.30707;64;19683;5.18797153635117E-07
TBB;hsw;generic,usestack;3;3;1;on;on;0.0404;off;1;1;24;Prediction;0;1;1.71;0.173587;64;19683;1.37798957221968E-07
TBB;hsw;generic,usestack;3;3;1;on;on;0.0404;on;1;1;1;BroadcastGlobalDataAndDropNeighbourMessages;0;1;0.7;0.70395;64;19683;5.58818206066149E-07
TBB;hsw;generic,usestack;3;3;1;on;on;0.0404;on;1;1;1;FinaliseMeshRefinement;0;1;0.16;0.161318;64;19683;1.28059429456892E-07
TBB;hsw;generic,usestack;3;3;1;on;on;0.0404;on;1;1;1;FusedTimeStep;0;10;15.57;15.5952;64;19683;0.000001238
TBB;hsw;generic,usestack;3;3;1;on;on;0.0404;on;1;1;1;MeshRefinement;0;2;1.29;1.29451;64;19683;5.1381188716151E-07
TBB;hsw;generic,usestack;3;3;1;on;on;0.0404;on;1;1;1;Prediction;0;1;0.2;0.19727;64;19683;1.56599286186049E-07
TBB;hsw;generic,usestack;3;3;1;on;on;0.0404;on;1;1;2;BroadcastGlobalDataAndDropNeighbourMessages;0;1;0.7;0.39349;64;19683;3.12365048519027E-07
TBB;hsw;generic,usestack;3;3;1;on;on;0.0404;on;1;1;2;FinaliseMeshRefinement;0;1;0.21;0.140499;64;19683;1.11532636031093E-07
TBB;hsw;generic,usestack;3;3;1;on;on;0.0404;on;1;1;2;FusedTimeStep;0;10;16.91;8.60997;64;19683;6.83487178021643E-07
TBB;hsw;generic,usestack;3;3;1;on;on;0.0404;on;1;1;2;MeshRefinement;0;2;1.17;1.17791;64;19683;4.67531467510034E-07
TBB;hsw;generic,usestack;3;3;1;on;on;0.0404;on;1;1;2;Prediction;0;1;0.24;0.140173;64;19683;1.1127384672052E-07
TBB;hsw;generic,usestack;3;3;1;on;on;0.0404;on;1;1;4;BroadcastGlobalDataAndDropNeighbourMessages;0;1;0.54;0.202193;64;19683;1.60507322308591E-07
TBB;hsw;generic,usestack;3;3;1;on;on;0.0404;on;1;1;4;FinaliseMeshRefinement;0;1;0.27;0.137647;64;19683;1.09268626479703E-07
TBB;hsw;generic,usestack;3;3;1;on;on;0.0404;on;1;1;4;FusedTimeStep;0;10;20.1;5.31723;64;19683;4.22098860691968E-07
TBB;hsw;generic,usestack;3;3;1;on;on;0.0404;on;1;1;4;MeshRefinement;0;2;1.24;1.24816;64;19683;4.95414824975868E-07
TBB;hsw;generic,usestack;3;3;1;on;on;0.0404;on;1;1;4;Prediction;0;1;0.43;0.13347;64;19683;0.000000106
TBB;hsw;generic,usestack;3;3;1;on;on;0.0404;on;1;1;16;BroadcastGlobalDataAndDropNeighbourMessages;0;1;0.18;0.101797;64;19683;8.08097406391302E-08
TBB;hsw;generic,usestack;3;3;1;on;on;0.0404;on;1;1;16;FinaliseMeshRefinement;0;1;0.45;0.137668;64;19683;1.09285296956765E-07
TBB;hsw;generic,usestack;3;3;1;on;on;0.0404;on;1;1;16;FusedTimeStep;0;10;84.25;6.43617;64;19683;5.10923925468679E-07
TBB;hsw;generic,usestack;3;3;1;on;on;0.0404;on;1;1;16;MeshRefinement;0;2;1.26;1.27563;64;19683;5.0631811080628E-07
TBB;hsw;generic,usestack;3;3;1;on;on;0.0404;on;1;1;16;Prediction;0;1;8.4;0.617431;64;19683;4.90136634405324E-07
TBB;hsw;generic,usestack;3;6;1;on;off;0.0404;off;1;1;1;BroadcastGlobalDataAndDropNeighbourMessages;0;1;0.09;0.0922039;343;19683;1.36572694703766E-08
TBB;hsw;generic,usestack;3;6;1;on;off;0.0404;off;1;1;1;BroadcastGlobalDataAndMergeNeighbourMessages;0;10;8.73;8.77792;343;19683;0.00000013
TBB;hsw;generic,usestack;3;6;1;on;off;0.0404;off;1;1;1;FinaliseMeshRefinement;0;1;0.33;0.323598;343;19683;4.79314333349775E-08
TBB;hsw;generic,usestack;3;6;1;on;off;0.0404;off;1;1;1;MeshRefinement;0;2;2.52;2.52954;343;19683;1.87338113767945E-07
TBB;hsw;generic,usestack;3;6;1;on;off;0.0404;off;1;1;1;Prediction;0;11;75.65;75.7149;343;19683;1.01953761985676E-06
TBB;hsw;generic,usestack;3;6;1;on;off;0.0404;off;1;1;1;SolutionUpdate;0;10;6;5.99354;343;19683;8.87764952040868E-08
TBB;hsw;generic,usestack;3;6;1;on;off;0.0404;off;1;1;2;BroadcastGlobalDataAndDropNeighbourMessages;0;1;0.13;0.0977132;343;19683;1.44733086476039E-08
TBB;hsw;generic,usestack;3;6;1;on;off;0.0404;off;1;1;2;BroadcastGlobalDataAndMergeNeighbourMessages;0;10;10.25;5.56501;343;19683;8.24290959225592E-08
TBB;hsw;generic,usestack;3;6;1;on;off;0.0404;off;1;1;2;FinaliseMeshRefinement;0;1;0.39;0.234345;343;19683;3.47112520623901E-08
TBB;hsw;generic,usestack;3;6;1;on;off;0.0404;off;1;1;2;MeshRefinement;0;2;2.42;2.42075;343;19683;1.79281109966141E-07
TBB;hsw;generic,usestack;3;6;1;on;off;0.0404;off;1;1;2;Prediction;0;11;78.12;39.5149;343;19683;5.32087172998682E-07
TBB;hsw;generic,usestack;3;6;1;on;off;0.0404;off;1;1;2;SolutionUpdate;0;10;6.66;3.71788;343;19683;5.50693506657785E-08
TBB;hsw;generic,usestack;3;6;1;on;off;0.0404;off;1;1;8;BroadcastGlobalDataAndDropNeighbourMessages;0;1;0.17;0.0998568;343;19683;1.47908193259667E-08
TBB;hsw;generic,usestack;3;6;1;on;off;0.0404;off;1;1;8;BroadcastGlobalDataAndMergeNeighbourMessages;0;10;18.23;3.16769;343;19683;4.69199197958191E-08
TBB;hsw;generic,usestack;3;6;1;on;off;0.0404;off;1;1;8;FinaliseMeshRefinement;0;1;0.57;0.16006;343;19683;2.37081354631255E-08
TBB;hsw;generic,usestack;3;6;1;on;off;0.0404;off;1;1;8;MeshRefinement;0;2;2.51;2.52918;343;19683;1.87311452113669E-07
TBB;hsw;generic,usestack;3;6;1;on;off;0.0404;off;1;1;8;Prediction;0;11;93.06;12.5188;343;19683;1.68571675528368E-07
TBB;hsw;generic,usestack;3;6;1;on;off;0.0404;off;1;1;8;SolutionUpdate;0;10;9.16;1.98625;343;19683;2.94203948916863E-08
TBB;hsw;generic,usestack;3;6;1;on;off;0.0404;off;1;1;12;BroadcastGlobalDataAndDropNeighbourMessages;0;1;0.17;0.109468;343;19683;1.62144331680459E-08
TBB;hsw;generic,usestack;3;6;1;on;off;0.0404;off;1;1;12;BroadcastGlobalDataAndMergeNeighbourMessages;0;10;23.84;3.0471;343;19683;4.51337370796512E-08
TBB;hsw;generic,usestack;3;6;1;on;off;0.0404;off;1;1;12;FinaliseMeshRefinement;0;1;0.56;0.132375;343;19683;1.9607424915227E-08
TBB;hsw;generic,usestack;3;6;1;on;off;0.0404;off;1;1;12;MeshRefinement;0;2;2.51;2.5128;343;19683;1.86098346844127E-07
TBB;hsw;generic,usestack;3;6;1;on;off;0.0404;off;1;1;12;Prediction;0;11;97.81;9.10312;343;19683;1.22577898116097E-07
TBB;hsw;generic,usestack;3;6;1;on;off;0.0404;off;1;1;12;SolutionUpdate;0;10;10;1.73548;343;19683;2.57059820901819E-08
TBB;hsw;generic,usestack;3;6;1;on;off;0.0404;off;1;1;16;BroadcastGlobalDataAndDropNeighbourMessages;0;1;0.18;0.106366;343;19683;1.57549639926953E-08
TBB;hsw;generic,usestack;3;6;1;on;off;0.0404;off;1;1;16;BroadcastGlobalDataAndMergeNeighbourMessages;0;10;31.67;2.9955;343;19683;4.43694363237489E-08
TBB;hsw;generic,usestack;3;6;1;on;off;0.0404;off;1;1;16;FinaliseMeshRefinement;0;1;0.7;0.134795;343;19683;0.00000002
TBB;hsw;generic,usestack;3;6;1;on;off;0.0404;off;1;1;16;MeshRefinement;0;2;2.54;2.54237;343;19683;1.88288305502269E-07
TBB;hsw;generic,usestack;3;6;1;on;off;0.0404;off;1;1;16;Prediction;0;11;102.09;7.42331;343;19683;0.0000001
TBB;hsw;generic,usestack;3;6;1;on;off;0.0404;off;1;1;16;SolutionUpdate;0;10;11.48;1.68026;343;19683;2.48880617851251E-08
TBB;hsw;generic,usestack;3;6;1;on;off;0.0404;off;1;1;24;BroadcastGlobalDataAndDropNeighbourMessages;0;1;0.2;0.107028;343;19683;1.58530196323091E-08
TBB;hsw;generic,usestack;3;6;1;on;off;0.0404;off;1;1;24;BroadcastGlobalDataAndMergeNeighbourMessages;0;10;45.01;2.97852;343;19683;4.41179280517485E-08
TBB;hsw;generic,usestack;3;6;1;on;off;0.0404;off;1;1;24;FinaliseMeshRefinement;0;1;0.91;0.138243;343;19683;2.04765948446137E-08
TBB;hsw;generic,usestack;3;6;1;on;off;0.0404;off;1;1;24;MeshRefinement;0;2;2.5;2.50767;343;19683;1.85718418270698E-07
TBB;hsw;generic,usestack;3;6;1;on;off;0.0404;off;1;1;24;Prediction;0;11;106.7;5.61674;343;19683;7.56321111294376E-08
TBB;hsw;generic,usestack;3;6;1;on;off;0.0404;off;1;1;24;SolutionUpdate;0;10;14.28;1.62926;343;19683;2.41326482473147E-08
TBB;hsw;generic,usestack;3;6;1;on;off;0.0404;on;1;1;1;BroadcastGlobalDataAndDropNeighbourMessages;0;1;6.73;6.73192;343;19683;9.97134020285668E-07
TBB;hsw;generic,usestack;3;6;1;on;off;0.0404;on;1;1;1;BroadcastGlobalDataAndMergeNeighbourMessages;0;10;75.38;75.4491;343;19683;1.11755434422773E-06
TBB;hsw;generic,usestack;3;6;1;on;off;0.0404;on;1;1;1;FinaliseMeshRefinement;0;1;0.33;0.3225;343;19683;4.77687972438959E-08
TBB;hsw;generic,usestack;3;6;1;on;off;0.0404;on;1;1;1;MeshRefinement;0;2;2.55;2.56228;343;19683;1.89762843104015E-07
TBB;hsw;generic,usestack;3;6;1;on;off;0.0404;on;1;1;1;Prediction;0;11;2.24;2.22469;343;19683;0.00000003
TBB;hsw;generic,usestack;3;6;1;on;off;0.0404;on;1;1;1;SolutionUpdate;0;10;5.96;6.00183;343;19683;8.88992869340564E-08
TBB;hsw;generic,usestack;3;6;1;on;off;0.0404;on;1;1;2;BroadcastGlobalDataAndDropNeighbourMessages;0;1;7.02;3.54723;343;19683;5.25416777201442E-07
TBB;hsw;generic,usestack;3;6;1;on;off;0.0404;on;1;1;2;BroadcastGlobalDataAndMergeNeighbourMessages;0;10;80.19;40.617;343;19683;6.01620228730332E-07
TBB;hsw;generic,usestack;3;6;1;on;off;0.0404;on;1;1;2;FinaliseMeshRefinement;0;1;0.4;0.23534;343;19683;3.48586317624139E-08
TBB;hsw;generic,usestack;3;6;1;on;off;0.0404;on;1;1;2;MeshRefinement;0;2;2.46;2.46855;343;19683;1.82821185172743E-07
TBB;hsw;generic,usestack;3;6;1;on;off;0.0404;on;1;1;2;Prediction;0;11;2.72;1.55635;343;19683;0.000000021
TBB;hsw;generic,usestack;3;6;1;on;off;0.0404;on;1;1;2;SolutionUpdate;0;10;6.75;3.75379;343;19683;5.5601250668578E-08
TBB;hsw;generic,usestack;3;6;1;on;off;0.0404;on;1;1;16;BroadcastGlobalDataAndDropNeighbourMessages;0;1;6.84;0.547675;343;19683;8.11217861412425E-08
TBB;hsw;generic,usestack;3;6;1;on;off;0.0404;on;1;1;16;BroadcastGlobalDataAndMergeNeighbourMessages;0;10;93.16;6.97415;343;19683;1.03301320092563E-07
TBB;hsw;generic,usestack;3;6;1;on;off;0.0404;on;1;1;16;FinaliseMeshRefinement;0;1;0.69;0.144861;343;19683;2.14568550001489E-08
TBB;hsw;generic,usestack;3;6;1;on;off;0.0404;on;1;1;16;MeshRefinement;0;2;2.51;2.50826;343;19683;1.8576211375965E-07
TBB;hsw;generic,usestack;3;6;1;on;off;0.0404;on;1;1;16;Prediction;0;11;50.6;3.76238;343;19683;5.06622600069032E-08
TBB;hsw;generic,usestack;3;6;1;on;off;0.0404;on;1;1;16;SolutionUpdate;0;10;11.59;1.70809;343;19683;2.53002805842872E-08
TBB;hsw;generic,usestack;3;6;1;on;off;0.0404;on;1;1;24;BroadcastGlobalDataAndDropNeighbourMessages;0;1;4.08;0.285996;343;19683;4.23618137567915E-08
TBB;hsw;generic,usestack;3;6;1;on;off;0.0404;on;1;1;24;BroadcastGlobalDataAndMergeNeighbourMessages;0;10;84.85;4.78262;343;19683;7.08403116510392E-08
TBB;hsw;generic,usestack;3;6;1;on;off;0.0404;on;1;1;24;FinaliseMeshRefinement;0;1;0.89;0.141644;343;19683;0.000000021
TBB;hsw;generic,usestack;3;6;1;on;off;0.0404;on;1;1;24;MeshRefinement;0;2;2.52;2.52064;343;19683;1.8667897842613E-07
TBB;hsw;generic,usestack;3;6;1;on;off;0.0404;on;1;1;24;Prediction;0;11;299.29;13.6105;343;19683;1.83271942181267E-07
TBB;hsw;generic,usestack;3;6;1;on;off;0.0404;on;1;1;24;SolutionUpdate;0;10;13.59;1.61266;343;19683;2.38867685467725E-08
TBB;hsw;generic,usestack;3;6;1;on;on;0.0404;off;1;1;1;BroadcastGlobalDataAndDropNeighbourMessages;0;1;0.09;0.0901931;343;19683;1.33594291680571E-08
TBB;hsw;generic,usestack;3;6;1;on;on;0.0404;off;1;1;1;FinaliseMeshRefinement;0;1;0.33;0.324636;343;19683;4.80851822079671E-08
TBB;hsw;generic,usestack;3;6;1;on;on;0.0404;off;1;1;1;FusedTimeStep;0;10;80.91;81.0071;343;19683;1.19987960781892E-06
TBB;hsw;generic,usestack;3;6;1;on;on;0.0404;off;1;1;1;MeshRefinement;0;2;2.5;2.51074;343;19683;1.85945782933549E-07
TBB;hsw;generic,usestack;3;6;1;on;on;0.0404;off;1;1;1;Prediction;0;1;7;7.00414;343;19683;1.03745532876856E-06
TBB;hsw;generic,usestack;3;6;1;on;on;0.0404;off;1;1;2;BroadcastGlobalDataAndDropNeighbourMessages;0;1;0.13;0.105603;343;19683;1.56419482026268E-08
TBB;hsw;generic,usestack;3;6;1;on;on;0.0404;off;1;1;2;FinaliseMeshRefinement;0;1;0.38;0.233496;343;19683;3.45854979263898E-08
TBB;hsw;generic,usestack;3;6;1;on;on;0.0404;off;1;1;2;FusedTimeStep;0;10;83.95;42.459;343;19683;6.28903988272427E-07
TBB;hsw;generic,usestack;3;6;1;on;on;0.0404;off;1;1;2;MeshRefinement;0;2;2.4;2.40428;343;19683;1.7806133928303E-07
TBB;hsw;generic,usestack;3;6;1;on;on;0.0404;off;1;1;2;Prediction;0;1;7.31;3.69418;343;19683;5.4718305551149E-07
TBB;hsw;generic,usestack;3;6;1;on;on;0.0404;off;1;1;8;BroadcastGlobalDataAndDropNeighbourMessages;0;1;0.16;0.109354;343;19683;1.61975474536713E-08
TBB;hsw;generic,usestack;3;6;1;on;on;0.0404;off;1;1;8;FinaliseMeshRefinement;0;1;0.57;0.155129;343;19683;0.000000023
TBB;hsw;generic,usestack;3;6;1;on;on;0.0404;off;1;1;8;FusedTimeStep;0;10;98.69;13.2694;343;19683;1.96546752914156E-07
TBB;hsw;generic,usestack;3;6;1;on;on;0.0404;off;1;1;8;MeshRefinement;0;2;2.48;2.47969;343;19683;1.83646215252273E-07
TBB;hsw;generic,usestack;3;6;1;on;on;0.0404;off;1;1;8;Prediction;0;1;8.45;1.14474;343;19683;1.69559233975124E-07
TBB;hsw;generic,usestack;3;6;1;on;on;0.0404;off;1;1;12;BroadcastGlobalDataAndDropNeighbourMessages;0;1;0.17;0.0982096;343;19683;1.45468355652841E-08
TBB;hsw;generic,usestack;3;6;1;on;on;0.0404;off;1;1;12;FinaliseMeshRefinement;0;1;0.57;0.138154;343;19683;2.04634121377774E-08
TBB;hsw;generic,usestack;3;6;1;on;on;0.0404;off;1;1;12;FusedTimeStep;0;10;104.14;9.66814;343;19683;1.43204781204837E-07
TBB;hsw;generic,usestack;3;6;1;on;on;0.0404;off;1;1;12;MeshRefinement;0;2;2.44;2.44052;343;19683;1.8074527914678E-07
TBB;hsw;generic,usestack;3;6;1;on;on;0.0404;off;1;1;12;Prediction;0;1;8.88;0.829017;343;19683;1.22794248014707E-07
TBB;hsw;generic,usestack;3;6;1;on;on;0.0404;off;1;1;16;BroadcastGlobalDataAndDropNeighbourMessages;0;1;0.19;0.114351;343;19683;1.6937704600424E-08
TBB;hsw;generic,usestack;3;6;1;on;on;0.0404;off;1;1;16;FinaliseMeshRefinement;0;1;0.7;0.144319;343;19683;2.13765737967188E-08
TBB;hsw;generic,usestack;3;6;1;on;on;0.0404;off;1;1;16;FusedTimeStep;0;10;115.55;8.25031;343;19683;1.22203840492802E-07
TBB;hsw;generic,usestack;3;6;1;on;on;0.0404;off;1;1;16;MeshRefinement;0;2;2.42;2.42505;343;19683;1.79599568614434E-07
TBB;hsw;generic,usestack;3;6;1;on;on;0.0404;off;1;1;16;Prediction;0;1;9.39;0.680412;343;19683;1.00782830605624E-07
TBB;hsw;generic,usestack;3;6;1;on;on;0.0404;off;1;1;24;BroadcastGlobalDataAndDropNeighbourMessages;0;1;0.19;0.112562;343;19683;1.66727173809842E-08
TBB;hsw;generic,usestack;3;6;1;on;on;0.0404;off;1;1;24;FinaliseMeshRefinement;0;1;1.02;0.15017;343;19683;2.22432256809794E-08
TBB;hsw;generic,usestack;3;6;1;on;on;0.0404;off;1;1;24;FusedTimeStep;0;10;133.55;6.70231;343;19683;9.92748178157321E-08
TBB;hsw;generic,usestack;3;6;1;on;on;0.0404;off;1;1;24;MeshRefinement;0;2;2.5;2.50492;343;19683;1.85514752856093E-07
TBB;hsw;generic,usestack;3;6;1;on;on;0.0404;off;1;1;24;Prediction;0;1;10.66;0.543189;343;19683;8.04573184685724E-08
TBB;hsw;generic,usestack;3;6;1;on;on;0.0404;on;1;1;1;BroadcastGlobalDataAndDropNeighbourMessages;0;1;6.72;6.72993;343;19683;9.9683926088562E-07
TBB;hsw;generic,usestack;3;6;1;on;on;0.0404;on;1;1;1;FinaliseMeshRefinement;0;1;0.32;0.323831;343;19683;0.000000048
TBB;hsw;generic,usestack;3;6;1;on;on;0.0404;on;1;1;1;FusedTimeStep;0;10;81.71;81.816;343;19683;1.2118610590098E-06
TBB;hsw;generic,usestack;3;6;1;on;on;0.0404;on;1;1;1;MeshRefinement;0;2;2.58;2.5738;343;19683;1.90616016040836E-07
TBB;hsw;generic,usestack;3;6;1;on;on;0.0404;on;1;1;1;Prediction;0;1;0.21;0.20804;343;19683;3.0814947530605E-08
TBB;hsw;generic,usestack;3;6;1;on;on;0.0404;on;1;1;2;BroadcastGlobalDataAndDropNeighbourMessages;0;1;6.78;3.43096;343;19683;5.08194829742379E-07
TBB;hsw;generic,usestack;3;6;1;on;on;0.0404;on;1;1;2;FinaliseMeshRefinement;0;1;0.39;0.233944;343;19683;3.46518558214759E-08
TBB;hsw;generic,usestack;3;6;1;on;on;0.0404;on;1;1;2;FusedTimeStep;0;10;84.71;42.6753;343;19683;6.32107830394553E-07
TBB;hsw;generic,usestack;3;6;1;on;on;0.0404;on;1;1;2;MeshRefinement;0;2;2.42;2.42342;343;19683;1.79478850568686E-07
TBB;hsw;generic,usestack;3;6;1;on;on;0.0404;on;1;1;2;Prediction;0;1;0.25;0.138739;343;19683;2.05500625141733E-08
TBB;hsw;generic,usestack;3;6;1;on;on;0.0404;on;1;1;8;BroadcastGlobalDataAndDropNeighbourMessages;0;1;6.6;0.907254;343;19683;1.34382736045623E-07
TBB;hsw;generic,usestack;3;6;1;on;on;0.0404;on;1;1;8;FinaliseMeshRefinement;0;1;0.56;0.159238;343;19683;2.35863805752667E-08
TBB;hsw;generic,usestack;3;6;1;on;on;0.0404;on;1;1;8;FusedTimeStep;0;10;101.09;13.2286;343;19683;1.95942422083907E-07
TBB;hsw;generic,usestack;3;6;1;on;on;0.0404;on;1;1;8;MeshRefinement;0;2;2.54;2.54277;343;19683;1.88317929562576E-07
TBB;hsw;generic,usestack;3;6;1;on;on;0.0404;on;1;1;8;Prediction;0;1;0.82;0.143148;343;19683;2.12031249236255E-08
TBB;hsw;generic,usestack;3;6;1;on;on;0.0404;on;1;1;12;BroadcastGlobalDataAndDropNeighbourMessages;0;1;5.68;0.564551;343;19683;8.36214643498874E-08
TBB;hsw;generic,usestack;3;6;1;on;on;0.0404;on;1;1;12;FinaliseMeshRefinement;0;1;0.58;0.137417;343;19683;2.03542474755487E-08
TBB;hsw;generic,usestack;3;6;1;on;on;0.0404;on;1;1;12;FusedTimeStep;0;10;106.81;9.50603;343;19683;1.40803602996711E-07
TBB;hsw;generic,usestack;3;6;1;on;on;0.0404;on;1;1;12;MeshRefinement;0;2;2.38;2.37362;343;19683;1.75790655060552E-07
TBB;hsw;generic,usestack;3;6;1;on;on;0.0404;on;1;1;12;Prediction;0;1;1.54;0.171055;343;19683;2.53367181784639E-08
TBB;hsw;generic,usestack;3;6;1;on;on;0.0404;on;1;1;16;BroadcastGlobalDataAndDropNeighbourMessages;0;1;5.14;0.416616;343;19683;6.17092875428308E-08
TBB;hsw;generic,usestack;3;6;1;on;on;0.0404;on;1;1;16;FinaliseMeshRefinement;0;1;0.7;0.138222;343;19683;2.04734843182815E-08
TBB;hsw;generic,usestack;3;6;1;on;on;0.0404;on;1;1;16;FusedTimeStep;0;10;142.79;9.59076;343;19683;1.42058626311587E-07
TBB;hsw;generic,usestack;3;6;1;on;on;0.0404;on;1;1;16;MeshRefinement;0;2;2.51;2.5181;343;19683;1.86490865643185E-07
TBB;hsw;generic,usestack;3;6;1;on;on;0.0404;on;1;1;16;Prediction;0;1;9.98;0.677842;343;19683;1.00402161430688E-07
TBB;hsw;generic,usestack;3;6;1;on;on;0.0404;on;1;1;24;BroadcastGlobalDataAndDropNeighbourMessages;0;1;2.88;0.22372;343;19683;3.31374738586183E-08
TBB;hsw;generic,usestack;3;6;1;on;on;0.0404;on;1;1;24;FinaliseMeshRefinement;0;1;0.92;0.15055;343;19683;2.22995113955613E-08
TBB;hsw;generic,usestack;3;6;1;on;on;0.0404;on;1;1;24;FusedTimeStep;0;10;266.67;11.9921;343;19683;1.77627346799542E-07
TBB;hsw;generic,usestack;3;6;1;on;on;0.0404;on;1;1;24;MeshRefinement;0;2;2.45;2.44864;343;19683;1.81346647570997E-07
TBB;hsw;generic,usestack;3;6;1;on;on;0.0404;on;1;1;24;Prediction;0;1;20.93;0.920171;343;19683;1.36296005980505E-07
TBB;hsw;generic,usestack;3;9;1;on;off;0.0404;off;1;1;1;BroadcastGlobalDataAndDropNeighbourMessages;0;1;0.09;0.0890129;1000;19683;4.52232383274907E-09
TBB;hsw;generic,usestack;3;9;1;on;off;0.0404;off;1;1;1;BroadcastGlobalDataAndMergeNeighbourMessages;0;10;11.22;11.2524;1000;19683;5.71681146166743E-08
TBB;hsw;generic,usestack;3;9;1;on;off;0.0404;off;1;1;1;FinaliseMeshRefinement;0;1;0.7;0.709073;1000;19683;0.000000036
TBB;hsw;generic,usestack;3;9;1;on;off;0.0404;off;1;1;1;MeshRefinement;0;2;4.95;4.95462;1000;19683;1.25860387136107E-07
TBB;hsw;generic,usestack;3;9;1;on;off;0.0404;off;1;1;1;Prediction;0;11;379.22;379.672;1000;19683;1.75357599774609E-06
TBB;hsw;generic,usestack;3;9;1;on;off;0.0404;off;1;1;1;SolutionUpdate;0;10;14.57;14.5766;1000;19683;7.40568002845095E-08
TBB;hsw;generic,usestack;3;9;1;on;off;0.0404;off;1;1;2;BroadcastGlobalDataAndDropNeighbourMessages;0;1;0.11;0.0964992;1000;19683;4.90266727632983E-09
TBB;hsw;generic,usestack;3;9;1;on;off;0.0404;off;1;1;2;BroadcastGlobalDataAndMergeNeighbourMessages;0;10;13.33;7.38148;1000;19683;3.75018035868516E-08
TBB;hsw;generic,usestack;3;9;1;on;off;0.0404;off;1;1;2;FinaliseMeshRefinement;0;1;0.86;0.46282;1000;19683;2.35136920184931E-08
TBB;hsw;generic,usestack;3;9;1;on;off;0.0404;off;1;1;2;MeshRefinement;0;2;4.98;4.98855;1000;19683;1.26722298430117E-07
TBB;hsw;generic,usestack;3;9;1;on;off;0.0404;off;1;1;2;Prediction;0;11;385.07;193.165;1000;19683;8.92163519049664E-07
TBB;hsw;generic,usestack;3;9;1;on;off;0.0404;off;1;1;2;SolutionUpdate;0;10;15.25;8.01228;1000;19683;4.0706599603719E-08
TBB;hsw;generic,usestack;3;9;1;on;off;0.0404;off;1;1;8;BroadcastGlobalDataAndDropNeighbourMessages;0;1;0.18;0.101558;1000;19683;5.15968094294569E-09
TBB;hsw;generic,usestack;3;9;1;on;off;0.0404;off;1;1;8;BroadcastGlobalDataAndMergeNeighbourMessages;0;10;26.47;4.73697;1000;19683;2.406630086877E-08
TBB;hsw;generic,usestack;3;9;1;on;off;0.0404;off;1;1;8;FinaliseMeshRefinement;0;1;1.08;0.219163;1000;19683;1.1134633948077E-08
TBB;hsw;generic,usestack;3;9;1;on;off;0.0404;off;1;1;8;MeshRefinement;0;2;4.99;4.99942;1000;19683;0.000000127
TBB;hsw;generic,usestack;3;9;1;on;off;0.0404;off;1;1;8;Prediction;0;11;424.83;54.0237;1000;19683;2.49517119064444E-07
TBB;hsw;generic,usestack;3;9;1;on;off;0.0404;off;1;1;8;SolutionUpdate;0;10;18.96;3.18957;1000;19683;1.62046944063405E-08
TBB;hsw;generic,usestack;3;9;1;on;off;0.0404;off;1;1;12;BroadcastGlobalDataAndDropNeighbourMessages;0;1;0.16;0.100717;1000;19683;5.11695371640502E-09
TBB;hsw;generic,usestack;3;9;1;on;off;0.0404;off;1;1;12;BroadcastGlobalDataAndMergeNeighbourMessages;0;10;34.85;4.38787;1000;19683;2.22926891225931E-08
TBB;hsw;generic,usestack;3;9;1;on;off;0.0404;off;1;1;12;FinaliseMeshRefinement;0;1;1.19;0.201502;1000;19683;1.0237362190723E-08
TBB;hsw;generic,usestack;3;9;1;on;off;0.0404;off;1;1;12;MeshRefinement;0;2;5;5.01049;1000;19683;1.27279632169893E-07
TBB;hsw;generic,usestack;3;9;1;on;off;0.0404;off;1;1;12;Prediction;0;11;448.77;38.4518;1000;19683;1.77595802561509E-07
TBB;hsw;generic,usestack;3;9;1;on;off;0.0404;off;1;1;12;SolutionUpdate;0;10;21.08;2.63442;1000;19683;1.33842402072855E-08
TBB;hsw;generic,usestack;3;9;1;on;off;0.0404;off;1;1;16;BroadcastGlobalDataAndDropNeighbourMessages;0;1;0.19;0.112368;1000;19683;5.70888584057308E-09
TBB;hsw;generic,usestack;3;9;1;on;off;0.0404;off;1;1;16;BroadcastGlobalDataAndMergeNeighbourMessages;0;10;46.5;4.39334;1000;19683;2.23204796016867E-08
TBB;hsw;generic,usestack;3;9;1;on;off;0.0404;off;1;1;16;FinaliseMeshRefinement;0;1;1.42;0.198742;1000;19683;1.00971396636692E-08
TBB;hsw;generic,usestack;3;9;1;on;off;0.0404;off;1;1;16;MeshRefinement;0;2;4.89;4.89502;1000;19683;1.24346390286034E-07
TBB;hsw;generic,usestack;3;9;1;on;off;0.0404;off;1;1;16;Prediction;0;11;454.01;29.4255;1000;19683;1.35906388992809E-07
TBB;hsw;generic,usestack;3;9;1;on;off;0.0404;off;1;1;16;SolutionUpdate;0;10;24.44;2.47252;1000;19683;1.256170299243E-08
TBB;hsw;generic,usestack;3;9;1;on;off;0.0404;off;1;1;24;BroadcastGlobalDataAndDropNeighbourMessages;0;1;0.18;0.104016;1000;19683;5.28456028044505E-09
TBB;hsw;generic,usestack;3;9;1;on;off;0.0404;off;1;1;24;BroadcastGlobalDataAndMergeNeighbourMessages;0;10;63.22;4.54964;1000;19683;2.3114565869024E-08
TBB;hsw;generic,usestack;3;9;1;on;off;0.0404;off;1;1;24;FinaliseMeshRefinement;0;1;1.58;0.177746;1000;19683;0.000000009
TBB;hsw;generic,usestack;3;9;1;on;off;0.0404;off;1;1;24;MeshRefinement;0;2;5.01;5.02386;1000;19683;1.27619265355891E-07
TBB;hsw;generic,usestack;3;9;1;on;off;0.0404;off;1;1;24;Prediction;0;11;468.47;22.0458;1000;19683;1.01822061492843E-07
TBB;hsw;generic,usestack;3;9;1;on;off;0.0404;off;1;1;24;SolutionUpdate;0;10;29.17;2.26468;1000;19683;1.15057663973988E-08
TBB;hsw;generic,usestack;3;9;1;on;off;0.0404;on;1;1;1;BroadcastGlobalDataAndDropNeighbourMessages;0;1;34.16;34.2011;1000;19683;1.73759589493472E-06
TBB;hsw;generic,usestack;3;9;1;on;off;0.0404;on;1;1;1;BroadcastGlobalDataAndMergeNeighbourMessages;0;10;352.96;353.39;1000;19683;1.79540720418635E-06
TBB;hsw;generic,usestack;3;9;1;on;off;0.0404;on;1;1;1;FinaliseMeshRefinement;0;1;0.78;0.781839;1000;19683;3.9721536351166E-08
TBB;hsw;generic,usestack;3;9;1;on;off;0.0404;on;1;1;1;MeshRefinement;0;2;4.84;4.84561;1000;19683;1.23091246253112E-07
TBB;hsw;generic,usestack;3;9;1;on;off;0.0404;on;1;1;1;Prediction;0;11;2.16;2.16954;1000;19683;0.00000001
TBB;hsw;generic,usestack;3;9;1;on;off;0.0404;on;1;1;1;SolutionUpdate;0;10;14.78;14.7763;1000;19683;7.50713813951125E-08
TBB;hsw;generic,usestack;3;9;1;on;off;0.0404;on;1;1;2;BroadcastGlobalDataAndDropNeighbourMessages;0;1;35.45;17.7761;1000;19683;9.03119443174313E-07
TBB;hsw;generic,usestack;3;9;1;on;off;0.0404;on;1;1;2;BroadcastGlobalDataAndMergeNeighbourMessages;0;10;359.77;180.853;1000;19683;9.18828430625413E-07
TBB;hsw;generic,usestack;3;9;1;on;off;0.0404;on;1;1;2;FinaliseMeshRefinement;0;1;0.81;0.445194;1000;19683;2.26181984453589E-08
TBB;hsw;generic,usestack;3;9;1;on;off;0.0404;on;1;1;2;MeshRefinement;0;2;4.93;4.9336;1000;19683;1.25326423817508E-07
TBB;hsw;generic,usestack;3;9;1;on;off;0.0404;on;1;1;2;Prediction;0;11;2.77;1.57553;1000;19683;7.27683788040441E-09
TBB;hsw;generic,usestack;3;9;1;on;off;0.0404;on;1;1;2;SolutionUpdate;0;10;15.14;7.95229;1000;19683;4.04018188284306E-08
TBB;hsw;generic,usestack;3;9;1;on;off;0.0404;on;1;1;12;BroadcastGlobalDataAndDropNeighbourMessages;0;1;38.37;3.29192;1000;19683;1.67246862774984E-07
TBB;hsw;generic,usestack;3;9;1;on;off;0.0404;on;1;1;12;BroadcastGlobalDataAndMergeNeighbourMessages;0;10;419.44;36.646;1000;19683;1.86180968348321E-07
TBB;hsw;generic,usestack;3;9;1;on;off;0.0404;on;1;1;12;FinaliseMeshRefinement;0;1;1.17;0.186309;1000;19683;9.46547782350251E-09
TBB;hsw;generic,usestack;3;9;1;on;off;0.0404;on;1;1;12;MeshRefinement;0;2;4.94;4.95289;1000;19683;1.25816440583244E-07
TBB;hsw;generic,usestack;3;9;1;on;off;0.0404;on;1;1;12;Prediction;0;11;23.73;2.49328;1000;19683;1.15156133811827E-08
TBB;hsw;generic,usestack;3;9;1;on;off;0.0404;on;1;1;12;SolutionUpdate;0;10;20.93;2.64893;1000;19683;1.34579586445156E-08
TBB;hsw;generic,usestack;3;9;1;on;off;0.0404;on;1;1;24;BroadcastGlobalDataAndDropNeighbourMessages;0;1;36.04;1.60003;1000;19683;8.12899456383681E-08
TBB;hsw;generic,usestack;3;9;1;on;off;0.0404;on;1;1;24;BroadcastGlobalDataAndMergeNeighbourMessages;0;10;425.93;19.4787;1000;19683;0.000000099
TBB;hsw;generic,usestack;3;9;1;on;off;0.0404;on;1;1;24;FinaliseMeshRefinement;0;1;1.75;0.182155;1000;19683;9.25443275923386E-09
TBB;hsw;generic,usestack;3;9;1;on;off;0.0404;on;1;1;24;MeshRefinement;0;2;5.01;5.01755;1000;19683;1.27458974749784E-07
TBB;hsw;generic,usestack;3;9;1;on;off;0.0404;on;1;1;24;Prediction;0;11;191.04;8.56767;1000;19683;3.95711573900874E-08
TBB;hsw;generic,usestack;3;9;1;on;off;0.0404;on;1;1;24;SolutionUpdate;0;10;30;2.21688;1000;19683;1.12629172382259E-08
TBB;hsw;generic,usestack;3;9;1;on;on;0.0404;off;1;1;1;BroadcastGlobalDataAndDropNeighbourMessages;0;1;0.1;0.102021;1000;19683;5.1832037799116E-09
TBB;hsw;generic,usestack;3;9;1;on;on;0.0404;off;1;1;1;FinaliseMeshRefinement;0;1;0.71;0.70755;1000;19683;3.59472641365645E-08
TBB;hsw;generic,usestack;3;9;1;on;on;0.0404;off;1;1;1;FusedTimeStep;0;10;367.24;367.668;1000;19683;1.86794695930498E-06
TBB;hsw;generic,usestack;3;9;1;on;on;0.0404;off;1;1;1;MeshRefinement;0;2;4.85;4.86064;1000;19683;1.23473047807753E-07
TBB;hsw;generic,usestack;3;9;1;on;on;0.0404;off;1;1;1;Prediction;0;1;34.56;34.6001;1000;19683;1.75786719504141E-06
TBB;hsw;generic,usestack;3;9;1;on;on;0.0404;off;1;1;2;BroadcastGlobalDataAndDropNeighbourMessages;0;1;0.13;0.0975067;1000;19683;0.000000005
TBB;hsw;generic,usestack;3;9;1;on;on;0.0404;off;1;1;2;FinaliseMeshRefinement;0;1;0.81;0.446357;1000;19683;2.26772849667225E-08
TBB;hsw;generic,usestack;3;9;1;on;on;0.0404;off;1;1;2;FusedTimeStep;0;10;376.71;189.295;1000;19683;9.61718234009043E-07
TBB;hsw;generic,usestack;3;9;1;on;on;0.0404;off;1;1;2;MeshRefinement;0;2;4.92;4.91932;1000;19683;0.000000125
TBB;hsw;generic,usestack;3;9;1;on;on;0.0404;off;1;1;2;Prediction;0;1;35.27;17.6948;1000;19683;0.000000899
TBB;hsw;generic,usestack;3;9;1;on;on;0.0404;off;1;1;8;BroadcastGlobalDataAndDropNeighbourMessages;0;1;0.16;0.100031;1000;19683;5.08210130569527E-09
TBB;hsw;generic,usestack;3;9;1;on;on;0.0404;off;1;1;8;FinaliseMeshRefinement;0;1;1.07;0.21434;1000;19683;1.08896001625768E-08
TBB;hsw;generic,usestack;3;9;1;on;on;0.0404;off;1;1;8;FusedTimeStep;0;10;421.11;54.0851;1000;19683;2.7478077528832E-07
TBB;hsw;generic,usestack;3;9;1;on;on;0.0404;off;1;1;8;MeshRefinement;0;2;4.94;4.95115;1000;19683;1.25772240004064E-07
TBB;hsw;generic,usestack;3;9;1;on;on;0.0404;off;1;1;8;Prediction;0;1;39.16;4.98002;1000;19683;0.000000253
TBB;hsw;generic,usestack;3;9;1;on;on;0.0404;off;1;1;12;BroadcastGlobalDataAndDropNeighbourMessages;0;1;0.15;0.0974538;1000;19683;0.000000005
TBB;hsw;generic,usestack;3;9;1;on;on;0.0404;off;1;1;12;FinaliseMeshRefinement;0;1;1.18;0.187107;1000;19683;9.5060204237159E-09
TBB;hsw;generic,usestack;3;9;1;on;on;0.0404;off;1;1;12;FusedTimeStep;0;10;449.92;38.9815;1000;19683;0.000000198
TBB;hsw;generic,usestack;3;9;1;on;on;0.0404;off;1;1;12;MeshRefinement;0;2;4.86;4.86455;1000;19683;1.23572372097749E-07
TBB;hsw;generic,usestack;3;9;1;on;on;0.0404;off;1;1;12;Prediction;0;1;40.99;3.52295;1000;19683;0.000000179
TBB;hsw;generic,usestack;3;9;1;on;on;0.0404;off;1;1;16;BroadcastGlobalDataAndDropNeighbourMessages;0;1;0.19;0.105114;1000;19683;5.34034445968602E-09
TBB;hsw;generic,usestack;3;9;1;on;on;0.0404;off;1;1;16;FinaliseMeshRefinement;0;1;1.5;0.192289;1000;19683;9.76929329878575E-09
TBB;hsw;generic,usestack;3;9;1;on;on;0.0404;off;1;1;16;FusedTimeStep;0;10;459.96;30.4775;1000;19683;1.5484174160443E-07
TBB;hsw;generic,usestack;3;9;1;on;on;0.0404;off;1;1;16;MeshRefinement;0;2;4.87;4.88173;1000;19683;0.000000124
TBB;hsw;generic,usestack;3;9;1;on;on;0.0404;off;1;1;16;Prediction;0;1;42.94;2.77454;1000;19683;0.000000141
TBB;hsw;generic,usestack;3;9;1;on;on;0.0404;off;1;1;24;BroadcastGlobalDataAndDropNeighbourMessages;0;1;0.17;0.104051;1000;19683;5.28633846466494E-09
TBB;hsw;generic,usestack;3;9;1;on;on;0.0404;off;1;1;24;FinaliseMeshRefinement;0;1;1.5;0.170024;1000;19683;8.63811410862165E-09
TBB;hsw;generic,usestack;3;9;1;on;on;0.0404;off;1;1;24;FusedTimeStep;0;10;491.67;22.1998;1000;19683;1.12786668698877E-07
TBB;hsw;generic,usestack;3;9;1;on;on;0.0404;off;1;1;24;MeshRefinement;0;2;4.97;4.97613;1000;19683;1.26406797744246E-07
TBB;hsw;generic,usestack;3;9;1;on;on;0.0404;off;1;1;24;Prediction;0;1;46.74;2.0483;1000;19683;1.04064421074023E-07
TBB;hsw;generic,usestack;3;9;1;on;on;0.0404;on;1;1;1;BroadcastGlobalDataAndDropNeighbourMessages;0;1;34.12;34.1562;1000;19683;1.73531473860692E-06
TBB;hsw;generic,usestack;3;9;1;on;on;0.0404;on;1;1;1;FinaliseMeshRefinement;0;1;0.72;0.716258;1000;19683;3.6389676370472E-08
TBB;hsw;generic,usestack;3;9;1;on;on;0.0404;on;1;1;1;FusedTimeStep;0;10;367.98;368.412;1000;19683;1.87172687090383E-06
TBB;hsw;generic,usestack;3;9;1;on;on;0.0404;on;1;1;1;MeshRefinement;0;2;4.95;4.9557;1000;19683;1.25887821978357E-07
TBB;hsw;generic,usestack;3;9;1;on;on;0.0404;on;1;1;1;Prediction;0;1;0.21;0.208588;1000;19683;1.05973682873546E-08
TBB;hsw;generic,usestack;3;9;1;on;on;0.0404;on;1;1;2;BroadcastGlobalDataAndDropNeighbourMessages;0;1;34.63;17.3689;1000;19683;8.82431539907534E-07
TBB;hsw;generic,usestack;3;9;1;on;on;0.0404;on;1;1;2;FinaliseMeshRefinement;0;1;0.85;0.461823;1000;19683;2.34630391708581E-08
TBB;hsw;generic,usestack;3;9;1;on;on;0.0404;on;1;1;2;FusedTimeStep;0;10;378.09;189.829;1000;19683;9.64431235075954E-07
TBB;hsw;generic,usestack;3;9;1;on;on;0.0404;on;1;1;2;MeshRefinement;0;2;4.99;5.0041;1000;19683;1.27117309353249E-07
TBB;hsw;generic,usestack;3;9;1;on;on;0.0404;on;1;1;2;Prediction;0;1;0.26;0.149704;1000;19683;7.60575115581974E-09
TBB;hsw;generic,usestack;3;9;1;on;on;0.0404;on;1;1;8;BroadcastGlobalDataAndDropNeighbourMessages;0;1;36.85;4.6959;1000;19683;2.38576436518823E-07
TBB;hsw;generic,usestack;3;9;1;on;on;0.0404;on;1;1;8;FinaliseMeshRefinement;0;1;1.09;0.215343;1000;19683;1.09405578417924E-08
TBB;hsw;generic,usestack;3;9;1;on;on;0.0404;on;1;1;8;FusedTimeStep;0;10;424.34;54.2161;1000;19683;2.75446324239191E-07
TBB;hsw;generic,usestack;3;9;1;on;on;0.0404;on;1;1;8;MeshRefinement;0;2;4.87;4.88092;1000;19683;0.000000124
TBB;hsw;generic,usestack;3;9;1;on;on;0.0404;on;1;1;8;Prediction;0;1;0.94;0.15762;1000;19683;0.000000008
TBB;hsw;generic,usestack;3;9;1;on;on;0.0404;on;1;1;12;BroadcastGlobalDataAndDropNeighbourMessages;0;1;35.38;3.04513;1000;19683;1.54708631814256E-07
TBB;hsw;generic,usestack;3;9;1;on;on;0.0404;on;1;1;12;FinaliseMeshRefinement;0;1;1.25;0.245443;1000;19683;1.24697962708937E-08
TBB;hsw;generic,usestack;3;9;1;on;on;0.0404;on;1;1;12;FusedTimeStep;0;10;448.59;38.6574;1000;19683;1.96399939033684E-07
TBB;hsw;generic,usestack;3;9;1;on;on;0.0404;on;1;1;12;MeshRefinement;0;2;4.82;4.83346;1000;19683;1.22782604277803E-07
TBB;hsw;generic,usestack;3;9;1;on;on;0.0404;on;1;1;12;Prediction;0;1;2.34;0.234693;1000;19683;1.19236396890718E-08
TBB;hsw;generic,usestack;3;9;1;on;on;0.0404;on;1;1;16;BroadcastGlobalDataAndDropNeighbourMessages;0;1;36.51;2.38064;1000;19683;1.20949042320784E-07
TBB;hsw;generic,usestack;3;9;1;on;on;0.0404;on;1;1;16;FinaliseMeshRefinement;0;1;1.41;0.174191;1000;19683;8.84981964131484E-09
TBB;hsw;generic,usestack;3;9;1;on;on;0.0404;on;1;1;16;FusedTimeStep;0;10;460.34;29.9;1000;19683;1.5190773764162E-07
TBB;hsw;generic,usestack;3;9;1;on;on;0.0404;on;1;1;16;MeshRefinement;0;2;4.92;4.92884;1000;19683;1.25205507290555E-07
TBB;hsw;generic,usestack;3;9;1;on;on;0.0404;on;1;1;16;Prediction;0;1;5.91;0.426018;1000;19683;2.16439567139156E-08
TBB;hsw;generic,usestack;3;9;1;on;on;0.0404;on;1;1;24;BroadcastGlobalDataAndDropNeighbourMessages;0;1;28.17;1.38201;1000;19683;7.02133821063862E-08
TBB;hsw;generic,usestack;3;9;1;on;on;0.0404;on;1;1;24;FinaliseMeshRefinement;0;1;1.64;0.185309;1000;19683;9.41467256007723E-09
TBB;hsw;generic,usestack;3;9;1;on;on;0.0404;on;1;1;24;FusedTimeStep;0;10;553.4;24.8096;1000;19683;0.000000126
TBB;hsw;generic,usestack;3;9;1;on;on;0.0404;on;1;1;24;MeshRefinement;0;2;4.97;4.97853;1000;19683;1.26467764060357E-07
TBB;hsw;generic,usestack;3;9;1;on;on;0.0404;on;1;1;24;Prediction;0;1;17;0.757609;1000;19683;3.84905248183712E-08
