SHAREDMEM;architecture;optimisation;dimension;order;batch-factor;batch-time-steps;fused;maximum-mesh-size;predictor-background;nodes;tasks;cores;adapter;run;iterations;total_cputime;total_usertime
TBB;hsw;generic;3;3;1.0;on;off;0.0404;off;1;1;1;BroadcastGlobalDataAndDropNeighbourMessages;0;1;0.1;0.0934843
TBB;hsw;generic;3;3;1.0;on;off;0.0404;off;1;1;1;BroadcastGlobalDataAndMergeNeighbourMessages;0;10;7.08;7.1088
TBB;hsw;generic;3;3;1.0;on;off;0.0404;off;1;1;1;FinaliseMeshRefinement;0;1;0.18;0.175519
TBB;hsw;generic;3;3;1.0;on;off;0.0404;off;1;1;1;MeshRefinement;0;2;1.29;1.2941
TBB;hsw;generic;3;3;1.0;on;off;0.0404;off;1;1;1;Prediction;0;11;10.11;10.1337
TBB;hsw;generic;3;3;1.0;on;off;0.0404;off;1;1;1;SolutionUpdate;0;10;2.2;2.17824
TBB;hsw;generic;3;3;1.0;on;off;0.0404;off;1;1;2;BroadcastGlobalDataAndDropNeighbourMessages;0;1;0.12;0.0959367
TBB;hsw;generic;3;3;1.0;on;off;0.0404;off;1;1;2;BroadcastGlobalDataAndMergeNeighbourMessages;0;10;8.93;4.82092
TBB;hsw;generic;3;3;1.0;on;off;0.0404;off;1;1;2;FinaliseMeshRefinement;0;1;0.2;0.138972
TBB;hsw;generic;3;3;1.0;on;off;0.0404;off;1;1;2;MeshRefinement;0;2;1.2;1.19672
TBB;hsw;generic;3;3;1.0;on;off;0.0404;off;1;1;2;Prediction;0;11;13.05;6.94649
TBB;hsw;generic;3;3;1.0;on;off;0.0404;off;1;1;2;SolutionUpdate;0;10;2.79;1.7838
TBB;hsw;generic;3;3;1.0;on;off;0.0404;off;1;1;4;BroadcastGlobalDataAndDropNeighbourMessages;0;1;0.17;0.102463
TBB;hsw;generic;3;3;1.0;on;off;0.0404;off;1;1;4;BroadcastGlobalDataAndMergeNeighbourMessages;0;10;11.24;3.38673
TBB;hsw;generic;3;3;1.0;on;off;0.0404;off;1;1;4;FinaliseMeshRefinement;0;1;0.26;0.126165
TBB;hsw;generic;3;3;1.0;on;off;0.0404;off;1;1;4;MeshRefinement;0;2;1.19;1.18989
TBB;hsw;generic;3;3;1.0;on;off;0.0404;off;1;1;4;Prediction;0;11;15.85;4.64096
TBB;hsw;generic;3;3;1.0;on;off;0.0404;off;1;1;4;SolutionUpdate;0;10;3.4;1.51622
TBB;hsw;generic;3;3;1.0;on;off;0.0404;off;1;1;8;BroadcastGlobalDataAndDropNeighbourMessages;0;1;0.16;0.0990159
TBB;hsw;generic;3;3;1.0;on;off;0.0404;off;1;1;8;BroadcastGlobalDataAndMergeNeighbourMessages;0;10;14.41;2.54666
TBB;hsw;generic;3;3;1.0;on;off;0.0404;off;1;1;8;FinaliseMeshRefinement;0;1;0.29;0.126719
TBB;hsw;generic;3;3;1.0;on;off;0.0404;off;1;1;8;MeshRefinement;0;2;1.18;1.17865
TBB;hsw;generic;3;3;1.0;on;off;0.0404;off;1;1;8;Prediction;0;11;29.93;4.60966
TBB;hsw;generic;3;3;1.0;on;off;0.0404;off;1;1;8;SolutionUpdate;0;10;3.83;1.35033
TBB;hsw;generic;3;3;1.0;on;off;0.0404;off;1;1;12;BroadcastGlobalDataAndDropNeighbourMessages;0;1;0.16;0.0986376
TBB;hsw;generic;3;3;1.0;on;off;0.0404;off;1;1;12;BroadcastGlobalDataAndMergeNeighbourMessages;0;10;19.22;2.41317
TBB;hsw;generic;3;3;1.0;on;off;0.0404;off;1;1;12;FinaliseMeshRefinement;0;1;0.3;0.127894
TBB;hsw;generic;3;3;1.0;on;off;0.0404;off;1;1;12;MeshRefinement;0;2;1.29;1.2919
TBB;hsw;generic;3;3;1.0;on;off;0.0404;off;1;1;12;Prediction;0;11;57.51;5.74575
TBB;hsw;generic;3;3;1.0;on;off;0.0404;off;1;1;12;SolutionUpdate;0;10;3.99;1.30927
TBB;hsw;generic;3;3;1.0;on;off;0.0404;off;1;1;16;BroadcastGlobalDataAndDropNeighbourMessages;0;1;0.17;0.101161
TBB;hsw;generic;3;3;1.0;on;off;0.0404;off;1;1;16;BroadcastGlobalDataAndMergeNeighbourMessages;0;10;22.17;2.22758
TBB;hsw;generic;3;3;1.0;on;off;0.0404;off;1;1;16;FinaliseMeshRefinement;0;1;0.36;0.13827
TBB;hsw;generic;3;3;1.0;on;off;0.0404;off;1;1;16;MeshRefinement;0;2;1.29;1.28719
TBB;hsw;generic;3;3;1.0;on;off;0.0404;off;1;1;16;Prediction;0;11;190.69;12.9008
TBB;hsw;generic;3;3;1.0;on;off;0.0404;off;1;1;16;SolutionUpdate;0;10;4.48;1.27162
TBB;hsw;generic;3;3;1.0;on;off;0.0404;off;1;1;24;BroadcastGlobalDataAndDropNeighbourMessages;0;1;0.18;0.102551
TBB;hsw;generic;3;3;1.0;on;off;0.0404;off;1;1;24;BroadcastGlobalDataAndMergeNeighbourMessages;0;10;32.21;2.22555
TBB;hsw;generic;3;3;1.0;on;off;0.0404;off;1;1;24;FinaliseMeshRefinement;0;1;0.47;0.116275
TBB;hsw;generic;3;3;1.0;on;off;0.0404;off;1;1;24;MeshRefinement;0;2;1.21;1.2078
TBB;hsw;generic;3;3;1.0;on;off;0.0404;off;1;1;24;Prediction;0;11;267.23;12.2108
TBB;hsw;generic;3;3;1.0;on;off;0.0404;off;1;1;24;SolutionUpdate;0;10;4.78;1.24396
TBB;hsw;generic;3;3;1.0;on;off;0.0404;on;1;1;1;BroadcastGlobalDataAndDropNeighbourMessages;0;1;0.85;0.850812
TBB;hsw;generic;3;3;1.0;on;off;0.0404;on;1;1;1;BroadcastGlobalDataAndMergeNeighbourMessages;0;10;14.63;14.6479
TBB;hsw;generic;3;3;1.0;on;off;0.0404;on;1;1;1;FinaliseMeshRefinement;0;1;0.16;0.161168
TBB;hsw;generic;3;3;1.0;on;off;0.0404;on;1;1;1;MeshRefinement;0;2;1.26;1.26117
TBB;hsw;generic;3;3;1.0;on;off;0.0404;on;1;1;1;Prediction;0;11;2.19;2.1991
TBB;hsw;generic;3;3;1.0;on;off;0.0404;on;1;1;1;SolutionUpdate;0;10;2.23;2.22456
TBB;hsw;generic;3;3;1.0;on;off;0.0404;on;1;1;2;BroadcastGlobalDataAndDropNeighbourMessages;0;1;0.99;0.5327
TBB;hsw;generic;3;3;1.0;on;off;0.0404;on;1;1;2;BroadcastGlobalDataAndMergeNeighbourMessages;0;10;17.03;8.87875
TBB;hsw;generic;3;3;1.0;on;off;0.0404;on;1;1;2;FinaliseMeshRefinement;0;1;0.21;0.139049
TBB;hsw;generic;3;3;1.0;on;off;0.0404;on;1;1;2;MeshRefinement;0;2;1.18;1.18571
TBB;hsw;generic;3;3;1.0;on;off;0.0404;on;1;1;2;Prediction;0;11;2.75;1.55221
TBB;hsw;generic;3;3;1.0;on;off;0.0404;on;1;1;2;SolutionUpdate;0;10;2.74;1.75607
TBB;hsw;generic;3;3;1.0;on;off;0.0404;on;1;1;4;BroadcastGlobalDataAndDropNeighbourMessages;0;1;1.11;0.338244
TBB;hsw;generic;3;3;1.0;on;off;0.0404;on;1;1;4;BroadcastGlobalDataAndMergeNeighbourMessages;0;10;20.46;5.74246
TBB;hsw;generic;3;3;1.0;on;off;0.0404;on;1;1;4;FinaliseMeshRefinement;0;1;0.27;0.139027
TBB;hsw;generic;3;3;1.0;on;off;0.0404;on;1;1;4;MeshRefinement;0;2;1.23;1.23118
TBB;hsw;generic;3;3;1.0;on;off;0.0404;on;1;1;4;Prediction;0;11;5.07;1.61137
TBB;hsw;generic;3;3;1.0;on;off;0.0404;on;1;1;4;SolutionUpdate;0;10;3.41;1.48841
TBB;hsw;generic;3;3;1.0;on;off;0.0404;on;1;1;8;BroadcastGlobalDataAndDropNeighbourMessages;0;1;1.92;0.33706
TBB;hsw;generic;3;3;1.0;on;off;0.0404;on;1;1;8;BroadcastGlobalDataAndMergeNeighbourMessages;0;10;32.18;4.79695
TBB;hsw;generic;3;3;1.0;on;off;0.0404;on;1;1;8;FinaliseMeshRefinement;0;1;0.28;0.127625
TBB;hsw;generic;3;3;1.0;on;off;0.0404;on;1;1;8;MeshRefinement;0;2;1.19;1.17567
TBB;hsw;generic;3;3;1.0;on;off;0.0404;on;1;1;8;Prediction;0;11;11;1.83356
TBB;hsw;generic;3;3;1.0;on;off;0.0404;on;1;1;8;SolutionUpdate;0;10;3.75;1.32806
TBB;hsw;generic;3;3;1.0;on;off;0.0404;on;1;1;12;BroadcastGlobalDataAndDropNeighbourMessages;0;1;3.42;0.371685
TBB;hsw;generic;3;3;1.0;on;off;0.0404;on;1;1;12;BroadcastGlobalDataAndMergeNeighbourMessages;0;10;48.96;4.93074
TBB;hsw;generic;3;3;1.0;on;off;0.0404;on;1;1;12;FinaliseMeshRefinement;0;1;0.31;0.123636
TBB;hsw;generic;3;3;1.0;on;off;0.0404;on;1;1;12;MeshRefinement;0;2;1.18;1.18689
TBB;hsw;generic;3;3;1.0;on;off;0.0404;on;1;1;12;Prediction;0;11;25.36;2.60658
TBB;hsw;generic;3;3;1.0;on;off;0.0404;on;1;1;12;SolutionUpdate;0;10;3.94;1.2696
TBB;hsw;generic;3;3;1.0;on;off;0.0404;on;1;1;16;BroadcastGlobalDataAndDropNeighbourMessages;0;1;10.96;0.777477
TBB;hsw;generic;3;3;1.0;on;off;0.0404;on;1;1;16;BroadcastGlobalDataAndMergeNeighbourMessages;0;10;108.32;7.65324
TBB;hsw;generic;3;3;1.0;on;off;0.0404;on;1;1;16;FinaliseMeshRefinement;0;1;0.31;0.109159
TBB;hsw;generic;3;3;1.0;on;off;0.0404;on;1;1;16;MeshRefinement;0;2;1.28;1.2806
TBB;hsw;generic;3;3;1.0;on;off;0.0404;on;1;1;16;Prediction;0;11;99.79;6.76942
TBB;hsw;generic;3;3;1.0;on;off;0.0404;on;1;1;16;SolutionUpdate;0;10;4.35;1.27315
TBB;hsw;generic;3;3;1.0;on;off;0.0404;on;1;1;24;BroadcastGlobalDataAndDropNeighbourMessages;0;1;12.3;0.608952
TBB;hsw;generic;3;3;1.0;on;off;0.0404;on;1;1;24;BroadcastGlobalDataAndMergeNeighbourMessages;0;10;111.32;5.69946
TBB;hsw;generic;3;3;1.0;on;off;0.0404;on;1;1;24;FinaliseMeshRefinement;0;1;0.35;0.12213
TBB;hsw;generic;3;3;1.0;on;off;0.0404;on;1;1;24;MeshRefinement;0;2;1.19;1.18435
TBB;hsw;generic;3;3;1.0;on;off;0.0404;on;1;1;24;Prediction;0;11;218.74;9.79358
TBB;hsw;generic;3;3;1.0;on;off;0.0404;on;1;1;24;SolutionUpdate;0;10;4.76;1.25332
TBB;hsw;generic;3;3;1.0;on;on;0.0404;off;1;1;1;BroadcastGlobalDataAndDropNeighbourMessages;0;1;0.09;0.0900589
TBB;hsw;generic;3;3;1.0;on;on;0.0404;off;1;1;1;FinaliseMeshRefinement;0;1;0.16;0.170452
TBB;hsw;generic;3;3;1.0;on;on;0.0404;off;1;1;1;FusedTimeStep;0;10;16.43;16.4531
TBB;hsw;generic;3;3;1.0;on;on;0.0404;off;1;1;1;MeshRefinement;0;2;1.29;1.28652
TBB;hsw;generic;3;3;1.0;on;on;0.0404;off;1;1;1;Prediction;0;1;0.94;0.929595
TBB;hsw;generic;3;3;1.0;on;on;0.0404;off;1;1;2;BroadcastGlobalDataAndDropNeighbourMessages;0;1;0.12;0.0967912
TBB;hsw;generic;3;3;1.0;on;on;0.0404;off;1;1;2;FinaliseMeshRefinement;0;1;0.21;0.141125
TBB;hsw;generic;3;3;1.0;on;on;0.0404;off;1;1;2;FusedTimeStep;0;10;18.53;9.62061
TBB;hsw;generic;3;3;1.0;on;on;0.0404;off;1;1;2;MeshRefinement;0;2;1.2;1.20188
TBB;hsw;generic;3;3;1.0;on;on;0.0404;off;1;1;2;Prediction;0;1;1.17;0.625881
TBB;hsw;generic;3;3;1.0;on;on;0.0404;off;1;1;4;BroadcastGlobalDataAndDropNeighbourMessages;0;1;0.16;0.112237
TBB;hsw;generic;3;3;1.0;on;on;0.0404;off;1;1;4;FinaliseMeshRefinement;0;1;0.26;0.134231
TBB;hsw;generic;3;3;1.0;on;on;0.0404;off;1;1;4;FusedTimeStep;0;10;23.68;6.67428
TBB;hsw;generic;3;3;1.0;on;on;0.0404;off;1;1;4;MeshRefinement;0;2;1.2;1.20109
TBB;hsw;generic;3;3;1.0;on;on;0.0404;off;1;1;4;Prediction;0;1;1.43;0.417778
TBB;hsw;generic;3;3;1.0;on;on;0.0404;off;1;1;8;BroadcastGlobalDataAndDropNeighbourMessages;0;1;0.17;0.112914
TBB;hsw;generic;3;3;1.0;on;on;0.0404;off;1;1;8;FinaliseMeshRefinement;0;1;0.29;0.121113
TBB;hsw;generic;3;3;1.0;on;on;0.0404;off;1;1;8;FusedTimeStep;0;10;39.23;5.64692
TBB;hsw;generic;3;3;1.0;on;on;0.0404;off;1;1;8;MeshRefinement;0;2;1.18;1.17879
TBB;hsw;generic;3;3;1.0;on;on;0.0404;off;1;1;8;Prediction;0;1;2.79;0.426663
TBB;hsw;generic;3;3;1.0;on;on;0.0404;off;1;1;12;BroadcastGlobalDataAndDropNeighbourMessages;0;1;0.16;0.101132
TBB;hsw;generic;3;3;1.0;on;on;0.0404;off;1;1;12;FinaliseMeshRefinement;0;1;0.31;0.131227
TBB;hsw;generic;3;3;1.0;on;on;0.0404;off;1;1;12;FusedTimeStep;0;10;61.7;5.93009
TBB;hsw;generic;3;3;1.0;on;on;0.0404;off;1;1;12;MeshRefinement;0;2;1.27;1.26863
TBB;hsw;generic;3;3;1.0;on;on;0.0404;off;1;1;12;Prediction;0;1;5.26;0.525848
TBB;hsw;generic;3;3;1.0;on;on;0.0404;off;1;1;16;BroadcastGlobalDataAndDropNeighbourMessages;0;1;0.2;0.102287
TBB;hsw;generic;3;3;1.0;on;on;0.0404;off;1;1;16;FinaliseMeshRefinement;0;1;0.35;0.120495
TBB;hsw;generic;3;3;1.0;on;on;0.0404;off;1;1;16;FusedTimeStep;0;10;140.66;9.62632
TBB;hsw;generic;3;3;1.0;on;on;0.0404;off;1;1;16;MeshRefinement;0;2;1.27;1.27308
TBB;hsw;generic;3;3;1.0;on;on;0.0404;off;1;1;16;Prediction;0;1;13.53;0.932447
TBB;hsw;generic;3;3;1.0;on;on;0.0404;off;1;1;24;BroadcastGlobalDataAndDropNeighbourMessages;0;1;0.19;0.104361
TBB;hsw;generic;3;3;1.0;on;on;0.0404;off;1;1;24;FinaliseMeshRefinement;0;1;0.41;0.1285
TBB;hsw;generic;3;3;1.0;on;on;0.0404;off;1;1;24;FusedTimeStep;0;10;356.25;15.9569
TBB;hsw;generic;3;3;1.0;on;on;0.0404;off;1;1;24;MeshRefinement;0;2;1.18;1.17866
TBB;hsw;generic;3;3;1.0;on;on;0.0404;off;1;1;24;Prediction;0;1;25.23;1.14718
TBB;hsw;generic;3;3;1.0;on;on;0.0404;on;1;1;1;BroadcastGlobalDataAndDropNeighbourMessages;0;1;0.8;0.801715
TBB;hsw;generic;3;3;1.0;on;on;0.0404;on;1;1;1;FinaliseMeshRefinement;0;1;0.16;0.170815
TBB;hsw;generic;3;3;1.0;on;on;0.0404;on;1;1;1;FusedTimeStep;0;10;16.98;16.9955
TBB;hsw;generic;3;3;1.0;on;on;0.0404;on;1;1;1;MeshRefinement;0;2;1.32;1.31792
TBB;hsw;generic;3;3;1.0;on;on;0.0404;on;1;1;1;Prediction;0;1;0.21;0.205541
TBB;hsw;generic;3;3;1.0;on;on;0.0404;on;1;1;2;BroadcastGlobalDataAndDropNeighbourMessages;0;1;0.89;0.485389
TBB;hsw;generic;3;3;1.0;on;on;0.0404;on;1;1;2;FinaliseMeshRefinement;0;1;0.21;0.141185
TBB;hsw;generic;3;3;1.0;on;on;0.0404;on;1;1;2;FusedTimeStep;0;10;18.4;9.35739
TBB;hsw;generic;3;3;1.0;on;on;0.0404;on;1;1;2;MeshRefinement;0;2;1.17;1.1793
TBB;hsw;generic;3;3;1.0;on;on;0.0404;on;1;1;2;Prediction;0;1;0.25;0.137242
TBB;hsw;generic;3;3;1.0;on;on;0.0404;on;1;1;4;BroadcastGlobalDataAndDropNeighbourMessages;0;1;0.88;0.282804
TBB;hsw;generic;3;3;1.0;on;on;0.0404;on;1;1;4;FinaliseMeshRefinement;0;1;0.26;0.126297
TBB;hsw;generic;3;3;1.0;on;on;0.0404;on;1;1;4;FusedTimeStep;0;10;22.96;6.04141
TBB;hsw;generic;3;3;1.0;on;on;0.0404;on;1;1;4;MeshRefinement;0;2;1.25;1.25566
TBB;hsw;generic;3;3;1.0;on;on;0.0404;on;1;1;4;Prediction;0;1;0.47;0.14447
TBB;hsw;generic;3;3;1.0;on;on;0.0404;on;1;1;8;BroadcastGlobalDataAndDropNeighbourMessages;0;1;1.22;0.236752
TBB;hsw;generic;3;3;1.0;on;on;0.0404;on;1;1;8;FinaliseMeshRefinement;0;1;0.29;0.128026
TBB;hsw;generic;3;3;1.0;on;on;0.0404;on;1;1;8;FusedTimeStep;0;10;35.98;4.89901
TBB;hsw;generic;3;3;1.0;on;on;0.0404;on;1;1;8;MeshRefinement;0;2;1.27;1.28262
TBB;hsw;generic;3;3;1.0;on;on;0.0404;on;1;1;8;Prediction;0;1;0.92;0.163589
TBB;hsw;generic;3;3;1.0;on;on;0.0404;on;1;1;16;BroadcastGlobalDataAndDropNeighbourMessages;0;1;5.18;0.443285
TBB;hsw;generic;3;3;1.0;on;on;0.0404;on;1;1;16;FinaliseMeshRefinement;0;1;0.37;0.130328
TBB;hsw;generic;3;3;1.0;on;on;0.0404;on;1;1;16;FusedTimeStep;0;10;157.3;10.7201
TBB;hsw;generic;3;3;1.0;on;on;0.0404;on;1;1;16;MeshRefinement;0;2;1.27;1.26983
TBB;hsw;generic;3;3;1.0;on;on;0.0404;on;1;1;16;Prediction;0;1;10.71;0.717431
TBB;hsw;generic;3;6;1.0;on;off;0.0404;off;1;1;1;BroadcastGlobalDataAndDropNeighbourMessages;0;1;0.09;0.0905372
TBB;hsw;generic;3;6;1.0;on;off;0.0404;off;1;1;1;BroadcastGlobalDataAndMergeNeighbourMessages;0;10;8.81;8.8071
TBB;hsw;generic;3;6;1.0;on;off;0.0404;off;1;1;1;FinaliseMeshRefinement;0;1;0.33;0.336063
TBB;hsw;generic;3;6;1.0;on;off;0.0404;off;1;1;1;MeshRefinement;0;2;2.53;2.53628
TBB;hsw;generic;3;6;1.0;on;off;0.0404;off;1;1;1;Prediction;0;11;85.64;85.7037
TBB;hsw;generic;3;6;1.0;on;off;0.0404;off;1;1;1;SolutionUpdate;0;10;5.87;5.91816
TBB;hsw;generic;3;6;1.0;on;off;0.0404;off;1;1;2;BroadcastGlobalDataAndDropNeighbourMessages;0;1;0.12;0.0951625
TBB;hsw;generic;3;6;1.0;on;off;0.0404;off;1;1;2;BroadcastGlobalDataAndMergeNeighbourMessages;0;10;10.1;5.47507
TBB;hsw;generic;3;6;1.0;on;off;0.0404;off;1;1;2;FinaliseMeshRefinement;0;1;0.4;0.237082
TBB;hsw;generic;3;6;1.0;on;off;0.0404;off;1;1;2;MeshRefinement;0;2;2.4;2.39942
TBB;hsw;generic;3;6;1.0;on;off;0.0404;off;1;1;2;Prediction;0;11;88.8;44.8782
TBB;hsw;generic;3;6;1.0;on;off;0.0404;off;1;1;2;SolutionUpdate;0;10;6.55;3.63953
TBB;hsw;generic;3;6;1.0;on;off;0.0404;off;1;1;4;BroadcastGlobalDataAndDropNeighbourMessages;0;1;0.15;0.101254
TBB;hsw;generic;3;6;1.0;on;off;0.0404;off;1;1;4;BroadcastGlobalDataAndMergeNeighbourMessages;0;10;13.53;4.13447
TBB;hsw;generic;3;6;1.0;on;off;0.0404;off;1;1;4;FinaliseMeshRefinement;0;1;0.49;0.188691
TBB;hsw;generic;3;6;1.0;on;off;0.0404;off;1;1;4;MeshRefinement;0;2;2.43;2.43411
TBB;hsw;generic;3;6;1.0;on;off;0.0404;off;1;1;4;Prediction;0;11;101.4;26.0774
TBB;hsw;generic;3;6;1.0;on;off;0.0404;off;1;1;4;SolutionUpdate;0;10;7.86;2.57907
TBB;hsw;generic;3;6;1.0;on;off;0.0404;off;1;1;8;BroadcastGlobalDataAndDropNeighbourMessages;0;1;0.17;0.0989943
TBB;hsw;generic;3;6;1.0;on;off;0.0404;off;1;1;8;BroadcastGlobalDataAndMergeNeighbourMessages;0;10;18.22;3.21446
TBB;hsw;generic;3;6;1.0;on;off;0.0404;off;1;1;8;FinaliseMeshRefinement;0;1;0.56;0.151221
TBB;hsw;generic;3;6;1.0;on;off;0.0404;off;1;1;8;MeshRefinement;0;2;2.44;2.44254
TBB;hsw;generic;3;6;1.0;on;off;0.0404;off;1;1;8;Prediction;0;11;124.1;16.4074
TBB;hsw;generic;3;6;1.0;on;off;0.0404;off;1;1;8;SolutionUpdate;0;10;9.2;1.99138
TBB;hsw;generic;3;6;1.0;on;off;0.0404;off;1;1;12;BroadcastGlobalDataAndDropNeighbourMessages;0;1;0.16;0.100204
TBB;hsw;generic;3;6;1.0;on;off;0.0404;off;1;1;12;BroadcastGlobalDataAndMergeNeighbourMessages;0;10;23.18;2.92273
TBB;hsw;generic;3;6;1.0;on;off;0.0404;off;1;1;12;FinaliseMeshRefinement;0;1;0.61;0.145903
TBB;hsw;generic;3;6;1.0;on;off;0.0404;off;1;1;12;MeshRefinement;0;2;2.42;2.41868
TBB;hsw;generic;3;6;1.0;on;off;0.0404;off;1;1;12;Prediction;0;11;199.76;17.6258
TBB;hsw;generic;3;6;1.0;on;off;0.0404;off;1;1;12;SolutionUpdate;0;10;10.12;1.77713
TBB;hsw;generic;3;6;1.0;on;off;0.0404;off;1;1;16;BroadcastGlobalDataAndDropNeighbourMessages;0;1;0.19;0.10543
TBB;hsw;generic;3;6;1.0;on;off;0.0404;off;1;1;16;BroadcastGlobalDataAndMergeNeighbourMessages;0;10;30.16;2.98988
TBB;hsw;generic;3;6;1.0;on;off;0.0404;off;1;1;16;FinaliseMeshRefinement;0;1;0.71;0.139693
TBB;hsw;generic;3;6;1.0;on;off;0.0404;off;1;1;16;MeshRefinement;0;2;2.49;2.4995
TBB;hsw;generic;3;6;1.0;on;off;0.0404;off;1;1;16;Prediction;0;11;397.86;26.4797
TBB;hsw;generic;3;6;1.0;on;off;0.0404;off;1;1;16;SolutionUpdate;0;10;11.77;1.72027
TBB;hsw;generic;3;6;1.0;on;off;0.0404;off;1;1;24;BroadcastGlobalDataAndDropNeighbourMessages;0;1;0.19;0.112327
TBB;hsw;generic;3;6;1.0;on;off;0.0404;off;1;1;24;BroadcastGlobalDataAndMergeNeighbourMessages;0;10;45.07;2.96799
TBB;hsw;generic;3;6;1.0;on;off;0.0404;off;1;1;24;FinaliseMeshRefinement;0;1;0.92;0.141276
TBB;hsw;generic;3;6;1.0;on;off;0.0404;off;1;1;24;MeshRefinement;0;2;2.51;2.51597
TBB;hsw;generic;3;6;1.0;on;off;0.0404;off;1;1;24;Prediction;0;11;722.47;31.3356
TBB;hsw;generic;3;6;1.0;on;off;0.0404;off;1;1;24;SolutionUpdate;0;10;13.68;1.57571
TBB;hsw;generic;3;6;1.0;on;off;0.0404;on;1;1;1;BroadcastGlobalDataAndDropNeighbourMessages;0;1;8.03;8.04532
TBB;hsw;generic;3;6;1.0;on;off;0.0404;on;1;1;1;BroadcastGlobalDataAndMergeNeighbourMessages;0;10;87.64;87.7743
TBB;hsw;generic;3;6;1.0;on;off;0.0404;on;1;1;1;FinaliseMeshRefinement;0;1;0.32;0.322173
TBB;hsw;generic;3;6;1.0;on;off;0.0404;on;1;1;1;MeshRefinement;0;2;2.51;2.51417
TBB;hsw;generic;3;6;1.0;on;off;0.0404;on;1;1;1;Prediction;0;11;2.23;2.20499
TBB;hsw;generic;3;6;1.0;on;off;0.0404;on;1;1;1;SolutionUpdate;0;10;5.94;5.94037
TBB;hsw;generic;3;6;1.0;on;off;0.0404;on;1;1;2;BroadcastGlobalDataAndDropNeighbourMessages;0;1;7.8;3.94152
TBB;hsw;generic;3;6;1.0;on;off;0.0404;on;1;1;2;BroadcastGlobalDataAndMergeNeighbourMessages;0;10;87.94;44.4794
TBB;hsw;generic;3;6;1.0;on;off;0.0404;on;1;1;2;FinaliseMeshRefinement;0;1;0.39;0.231404
TBB;hsw;generic;3;6;1.0;on;off;0.0404;on;1;1;2;MeshRefinement;0;2;2.41;2.41607
TBB;hsw;generic;3;6;1.0;on;off;0.0404;on;1;1;2;Prediction;0;11;2.71;1.54114
TBB;hsw;generic;3;6;1.0;on;off;0.0404;on;1;1;2;SolutionUpdate;0;10;6.59;3.67611
TBB;hsw;generic;3;6;1.0;on;off;0.0404;on;1;1;4;BroadcastGlobalDataAndDropNeighbourMessages;0;1;8.66;2.22865
TBB;hsw;generic;3;6;1.0;on;off;0.0404;on;1;1;4;BroadcastGlobalDataAndMergeNeighbourMessages;0;10;98.76;25.5001
TBB;hsw;generic;3;6;1.0;on;off;0.0404;on;1;1;4;FinaliseMeshRefinement;0;1;0.5;0.184947
TBB;hsw;generic;3;6;1.0;on;off;0.0404;on;1;1;4;MeshRefinement;0;2;2.41;2.42496
TBB;hsw;generic;3;6;1.0;on;off;0.0404;on;1;1;4;Prediction;0;11;5.03;1.622
TBB;hsw;generic;3;6;1.0;on;off;0.0404;on;1;1;4;SolutionUpdate;0;10;7.86;2.55676
TBB;hsw;generic;3;6;1.0;on;off;0.0404;on;1;1;16;BroadcastGlobalDataAndDropNeighbourMessages;0;1;30.98;2.02913
TBB;hsw;generic;3;6;1.0;on;off;0.0404;on;1;1;16;BroadcastGlobalDataAndMergeNeighbourMessages;0;10;349.94;23.0101
TBB;hsw;generic;3;6;1.0;on;off;0.0404;on;1;1;16;FinaliseMeshRefinement;0;1;0.68;0.141715
TBB;hsw;generic;3;6;1.0;on;off;0.0404;on;1;1;16;MeshRefinement;0;2;2.45;2.44451
TBB;hsw;generic;3;6;1.0;on;off;0.0404;on;1;1;16;Prediction;0;11;73.64;5.14672
TBB;hsw;generic;3;6;1.0;on;off;0.0404;on;1;1;16;SolutionUpdate;0;10;11.63;1.6877
TBB;hsw;generic;3;6;1.0;on;off;0.0404;on;1;1;24;BroadcastGlobalDataAndDropNeighbourMessages;0;1;42.79;1.97128
TBB;hsw;generic;3;6;1.0;on;off;0.0404;on;1;1;24;BroadcastGlobalDataAndMergeNeighbourMessages;0;10;522.11;23.5946
TBB;hsw;generic;3;6;1.0;on;off;0.0404;on;1;1;24;FinaliseMeshRefinement;0;1;0.87;0.139444
TBB;hsw;generic;3;6;1.0;on;off;0.0404;on;1;1;24;MeshRefinement;0;2;2.55;2.5444
TBB;hsw;generic;3;6;1.0;on;off;0.0404;on;1;1;24;Prediction;0;11;288.36;13.0013
TBB;hsw;generic;3;6;1.0;on;off;0.0404;on;1;1;24;SolutionUpdate;0;10;13.8;1.61213
TBB;hsw;generic;3;6;1.0;on;on;0.0404;off;1;1;1;BroadcastGlobalDataAndDropNeighbourMessages;0;1;0.1;0.0911764
TBB;hsw;generic;3;6;1.0;on;on;0.0404;off;1;1;1;FinaliseMeshRefinement;0;1;0.31;0.323483
TBB;hsw;generic;3;6;1.0;on;on;0.0404;off;1;1;1;FusedTimeStep;0;10;91.06;91.1682
TBB;hsw;generic;3;6;1.0;on;on;0.0404;off;1;1;1;MeshRefinement;0;2;2.56;2.55952
TBB;hsw;generic;3;6;1.0;on;on;0.0404;off;1;1;1;Prediction;0;1;7.99;7.9906
TBB;hsw;generic;3;6;1.0;on;on;0.0404;off;1;1;2;BroadcastGlobalDataAndDropNeighbourMessages;0;1;0.12;0.0956674
TBB;hsw;generic;3;6;1.0;on;on;0.0404;off;1;1;2;FinaliseMeshRefinement;0;1;0.41;0.24827
TBB;hsw;generic;3;6;1.0;on;on;0.0404;off;1;1;2;FusedTimeStep;0;10;96.53;48.7677
TBB;hsw;generic;3;6;1.0;on;on;0.0404;off;1;1;2;MeshRefinement;0;2;2.41;2.41436
TBB;hsw;generic;3;6;1.0;on;on;0.0404;off;1;1;2;Prediction;0;1;8.49;4.28958
TBB;hsw;generic;3;6;1.0;on;on;0.0404;off;1;1;4;BroadcastGlobalDataAndDropNeighbourMessages;0;1;0.17;0.102649
TBB;hsw;generic;3;6;1.0;on;on;0.0404;off;1;1;4;FinaliseMeshRefinement;0;1;0.49;0.182769
TBB;hsw;generic;3;6;1.0;on;on;0.0404;off;1;1;4;FusedTimeStep;0;10;108.16;27.8367
TBB;hsw;generic;3;6;1.0;on;on;0.0404;off;1;1;4;MeshRefinement;0;2;2.41;2.41137
TBB;hsw;generic;3;6;1.0;on;on;0.0404;off;1;1;4;Prediction;0;1;9.35;2.3953
TBB;hsw;generic;3;6;1.0;on;on;0.0404;off;1;1;8;BroadcastGlobalDataAndDropNeighbourMessages;0;1;0.15;0.0997576
TBB;hsw;generic;3;6;1.0;on;on;0.0404;off;1;1;8;FinaliseMeshRefinement;0;1;0.55;0.152055
TBB;hsw;generic;3;6;1.0;on;on;0.0404;off;1;1;8;FusedTimeStep;0;10;135.59;17.9048
TBB;hsw;generic;3;6;1.0;on;on;0.0404;off;1;1;8;MeshRefinement;0;2;2.44;2.44565
TBB;hsw;generic;3;6;1.0;on;on;0.0404;off;1;1;8;Prediction;0;1;11.32;1.49308
TBB;hsw;generic;3;6;1.0;on;on;0.0404;off;1;1;12;BroadcastGlobalDataAndDropNeighbourMessages;0;1;0.17;0.109437
TBB;hsw;generic;3;6;1.0;on;on;0.0404;off;1;1;12;FinaliseMeshRefinement;0;1;0.57;0.137649
TBB;hsw;generic;3;6;1.0;on;on;0.0404;off;1;1;12;FusedTimeStep;0;10;201.34;17.8481
TBB;hsw;generic;3;6;1.0;on;on;0.0404;off;1;1;12;MeshRefinement;0;2;2.51;2.5176
TBB;hsw;generic;3;6;1.0;on;on;0.0404;off;1;1;12;Prediction;0;1;18.31;1.61764
TBB;hsw;generic;3;6;1.0;on;on;0.0404;off;1;1;16;BroadcastGlobalDataAndDropNeighbourMessages;0;1;0.19;0.103531
TBB;hsw;generic;3;6;1.0;on;on;0.0404;off;1;1;16;FinaliseMeshRefinement;0;1;0.69;0.152662
TBB;hsw;generic;3;6;1.0;on;on;0.0404;off;1;1;16;FusedTimeStep;0;10;368.42;24.9695
TBB;hsw;generic;3;6;1.0;on;on;0.0404;off;1;1;16;MeshRefinement;0;2;2.55;2.54469
TBB;hsw;generic;3;6;1.0;on;on;0.0404;off;1;1;16;Prediction;0;1;37.95;2.46561
TBB;hsw;generic;3;6;1.0;on;on;0.0404;off;1;1;24;BroadcastGlobalDataAndDropNeighbourMessages;0;1;0.18;0.105521
TBB;hsw;generic;3;6;1.0;on;on;0.0404;off;1;1;24;FinaliseMeshRefinement;0;1;0.97;0.147517
TBB;hsw;generic;3;6;1.0;on;on;0.0404;off;1;1;24;FusedTimeStep;0;10;675.81;30.5314
TBB;hsw;generic;3;6;1.0;on;on;0.0404;off;1;1;24;MeshRefinement;0;2;2.49;2.49357
TBB;hsw;generic;3;6;1.0;on;on;0.0404;off;1;1;24;Prediction;0;1;71.61;3.08331
TBB;hsw;generic;3;6;1.0;on;on;0.0404;on;1;1;1;BroadcastGlobalDataAndDropNeighbourMessages;0;1;8.82;8.82829
TBB;hsw;generic;3;6;1.0;on;on;0.0404;on;1;1;1;FinaliseMeshRefinement;0;1;0.36;0.368948
TBB;hsw;generic;3;6;1.0;on;on;0.0404;on;1;1;1;FusedTimeStep;0;10;102.68;102.809
TBB;hsw;generic;3;6;1.0;on;on;0.0404;on;1;1;1;MeshRefinement;0;2;2.64;2.64362
TBB;hsw;generic;3;6;1.0;on;on;0.0404;on;1;1;1;Prediction;0;1;0.25;0.236641
TBB;hsw;generic;3;6;1.0;on;on;0.0404;on;1;1;2;BroadcastGlobalDataAndDropNeighbourMessages;0;1;7.86;3.97453
TBB;hsw;generic;3;6;1.0;on;on;0.0404;on;1;1;2;FinaliseMeshRefinement;0;1;0.39;0.236095
TBB;hsw;generic;3;6;1.0;on;on;0.0404;on;1;1;2;FusedTimeStep;0;10;94.64;47.6267
TBB;hsw;generic;3;6;1.0;on;on;0.0404;on;1;1;2;MeshRefinement;0;2;2.42;2.42177
TBB;hsw;generic;3;6;1.0;on;on;0.0404;on;1;1;2;Prediction;0;1;0.25;0.140715
TBB;hsw;generic;3;6;1.0;on;on;0.0404;on;1;1;4;BroadcastGlobalDataAndDropNeighbourMessages;0;1;8.15;2.10503
TBB;hsw;generic;3;6;1.0;on;on;0.0404;on;1;1;4;FinaliseMeshRefinement;0;1;0.49;0.186318
TBB;hsw;generic;3;6;1.0;on;on;0.0404;on;1;1;4;FusedTimeStep;0;10;106.81;27.2199
TBB;hsw;generic;3;6;1.0;on;on;0.0404;on;1;1;4;MeshRefinement;0;2;2.41;2.41234
TBB;hsw;generic;3;6;1.0;on;on;0.0404;on;1;1;4;Prediction;0;1;0.47;0.146355
TBB;hsw;generic;3;6;1.0;on;on;0.0404;on;1;1;12;BroadcastGlobalDataAndDropNeighbourMessages;0;1;14.78;1.32704
TBB;hsw;generic;3;6;1.0;on;on;0.0404;on;1;1;12;FinaliseMeshRefinement;0;1;0.58;0.135563
TBB;hsw;generic;3;6;1.0;on;on;0.0404;on;1;1;12;FusedTimeStep;0;10;199.2;17.2555
TBB;hsw;generic;3;6;1.0;on;on;0.0404;on;1;1;12;MeshRefinement;0;2;2.45;2.44272
TBB;hsw;generic;3;6;1.0;on;on;0.0404;on;1;1;12;Prediction;0;1;2.35;0.238864
TBB;hsw;generic;3;6;1.0;on;on;0.0404;on;1;1;16;BroadcastGlobalDataAndDropNeighbourMessages;0;1;29.71;1.96967
TBB;hsw;generic;3;6;1.0;on;on;0.0404;on;1;1;16;FinaliseMeshRefinement;0;1;0.71;0.145506
TBB;hsw;generic;3;6;1.0;on;on;0.0404;on;1;1;16;FusedTimeStep;0;10;400.42;25.6945
TBB;hsw;generic;3;6;1.0;on;on;0.0404;on;1;1;16;MeshRefinement;0;2;2.53;2.52648
TBB;hsw;generic;3;6;1.0;on;on;0.0404;on;1;1;16;Prediction;0;1;5.41;0.386693
TBB;hsw;generic;3;9;1.0;on;off;0.0404;off;1;1;1;BroadcastGlobalDataAndDropNeighbourMessages;0;1;0.09;0.0888797
TBB;hsw;generic;3;9;1.0;on;off;0.0404;off;1;1;1;BroadcastGlobalDataAndMergeNeighbourMessages;0;10;11.29;11.2885
TBB;hsw;generic;3;9;1.0;on;off;0.0404;off;1;1;1;FinaliseMeshRefinement;0;1;0.71;0.71113
TBB;hsw;generic;3;9;1.0;on;off;0.0404;off;1;1;1;MeshRefinement;0;2;4.98;4.98408
TBB;hsw;generic;3;9;1.0;on;off;0.0404;off;1;1;1;Prediction;0;11;419.41;420.03
TBB;hsw;generic;3;9;1.0;on;off;0.0404;off;1;1;1;SolutionUpdate;0;10;15.27;15.3037
TBB;hsw;generic;3;9;1.0;on;off;0.0404;off;1;1;2;BroadcastGlobalDataAndDropNeighbourMessages;0;1;0.12;0.0968391
TBB;hsw;generic;3;9;1.0;on;off;0.0404;off;1;1;2;BroadcastGlobalDataAndMergeNeighbourMessages;0;10;13.25;7.34366
TBB;hsw;generic;3;9;1.0;on;off;0.0404;off;1;1;2;FinaliseMeshRefinement;0;1;0.81;0.445348
TBB;hsw;generic;3;9;1.0;on;off;0.0404;off;1;1;2;MeshRefinement;0;2;4.92;4.92404
TBB;hsw;generic;3;9;1.0;on;off;0.0404;off;1;1;2;Prediction;0;11;429.59;215.461
TBB;hsw;generic;3;9;1.0;on;off;0.0404;off;1;1;2;SolutionUpdate;0;10;15.09;7.92156
TBB;hsw;generic;3;9;1.0;on;off;0.0404;off;1;1;4;BroadcastGlobalDataAndDropNeighbourMessages;0;1;0.16;0.100992
TBB;hsw;generic;3;9;1.0;on;off;0.0404;off;1;1;4;BroadcastGlobalDataAndMergeNeighbourMessages;0;10;18.57;5.87508
TBB;hsw;generic;3;9;1.0;on;off;0.0404;off;1;1;4;FinaliseMeshRefinement;0;1;0.98;0.30664
TBB;hsw;generic;3;9;1.0;on;off;0.0404;off;1;1;4;MeshRefinement;0;2;4.96;4.9659
TBB;hsw;generic;3;9;1.0;on;off;0.0404;off;1;1;4;Prediction;0;11;476.95;120.069
TBB;hsw;generic;3;9;1.0;on;off;0.0404;off;1;1;4;SolutionUpdate;0;10;17.36;4.97936
TBB;hsw;generic;3;9;1.0;on;off;0.0404;off;1;1;8;BroadcastGlobalDataAndDropNeighbourMessages;0;1;0.16;0.100035
TBB;hsw;generic;3;9;1.0;on;off;0.0404;off;1;1;8;BroadcastGlobalDataAndMergeNeighbourMessages;0;10;26.69;4.81665
TBB;hsw;generic;3;9;1.0;on;off;0.0404;off;1;1;8;FinaliseMeshRefinement;0;1;1.1;0.227861
TBB;hsw;generic;3;9;1.0;on;off;0.0404;off;1;1;8;MeshRefinement;0;2;4.95;4.9591
TBB;hsw;generic;3;9;1.0;on;off;0.0404;off;1;1;8;Prediction;0;11;709.38;89.6434
TBB;hsw;generic;3;9;1.0;on;off;0.0404;off;1;1;8;SolutionUpdate;0;10;19.31;3.20212
TBB;hsw;generic;3;9;1.0;on;off;0.0404;off;1;1;12;BroadcastGlobalDataAndDropNeighbourMessages;0;1;0.17;0.108348
TBB;hsw;generic;3;9;1.0;on;off;0.0404;off;1;1;12;BroadcastGlobalDataAndMergeNeighbourMessages;0;10;35.47;4.54112
TBB;hsw;generic;3;9;1.0;on;off;0.0404;off;1;1;12;FinaliseMeshRefinement;0;1;1.19;0.199585
TBB;hsw;generic;3;9;1.0;on;off;0.0404;off;1;1;12;MeshRefinement;0;2;4.98;4.99215
TBB;hsw;generic;3;9;1.0;on;off;0.0404;off;1;1;12;Prediction;0;11;1170.2;98.6557
TBB;hsw;generic;3;9;1.0;on;off;0.0404;off;1;1;12;SolutionUpdate;0;10;21.18;2.66916
TBB;hsw;generic;3;9;1.0;on;off;0.0404;off;1;1;16;BroadcastGlobalDataAndDropNeighbourMessages;0;1;0.16;0.100136
TBB;hsw;generic;3;9;1.0;on;off;0.0404;off;1;1;16;BroadcastGlobalDataAndMergeNeighbourMessages;0;10;47.5;4.51871
TBB;hsw;generic;3;9;1.0;on;off;0.0404;off;1;1;16;FinaliseMeshRefinement;0;1;1.46;0.185933
TBB;hsw;generic;3;9;1.0;on;off;0.0404;off;1;1;16;MeshRefinement;0;2;4.95;4.95767
TBB;hsw;generic;3;9;1.0;on;off;0.0404;off;1;1;16;Prediction;0;11;1836.05;115.986
TBB;hsw;generic;3;9;1.0;on;off;0.0404;off;1;1;16;SolutionUpdate;0;10;24.74;2.48107
TBB;hsw;generic;3;9;1.0;on;off;0.0404;off;1;1;24;BroadcastGlobalDataAndDropNeighbourMessages;0;1;0.19;0.103724
TBB;hsw;generic;3;9;1.0;on;off;0.0404;off;1;1;24;BroadcastGlobalDataAndMergeNeighbourMessages;0;10;62.22;4.52435
TBB;hsw;generic;3;9;1.0;on;off;0.0404;off;1;1;24;FinaliseMeshRefinement;0;1;1.79;0.175385
TBB;hsw;generic;3;9;1.0;on;off;0.0404;off;1;1;24;MeshRefinement;0;2;4.94;4.95414
TBB;hsw;generic;3;9;1.0;on;off;0.0404;off;1;1;24;Prediction;0;11;2705.54;123.159
TBB;hsw;generic;3;9;1.0;on;off;0.0404;off;1;1;24;SolutionUpdate;0;10;29.21;2.29289
TBB;hsw;generic;3;9;1.0;on;off;0.0404;on;1;1;1;BroadcastGlobalDataAndDropNeighbourMessages;0;1;43.44;43.4982
TBB;hsw;generic;3;9;1.0;on;off;0.0404;on;1;1;1;BroadcastGlobalDataAndMergeNeighbourMessages;0;10;442.61;443.13
TBB;hsw;generic;3;9;1.0;on;off;0.0404;on;1;1;1;FinaliseMeshRefinement;0;1;0.82;0.819936
TBB;hsw;generic;3;9;1.0;on;off;0.0404;on;1;1;1;MeshRefinement;0;2;5.16;5.1658
TBB;hsw;generic;3;9;1.0;on;off;0.0404;on;1;1;1;Prediction;0;11;2.47;2.45617
TBB;hsw;generic;3;9;1.0;on;off;0.0404;on;1;1;1;SolutionUpdate;0;10;16.33;16.3601
TBB;hsw;generic;3;9;1.0;on;off;0.0404;on;1;1;2;BroadcastGlobalDataAndDropNeighbourMessages;0;1;39.98;20.0465
TBB;hsw;generic;3;9;1.0;on;off;0.0404;on;1;1;2;BroadcastGlobalDataAndMergeNeighbourMessages;0;10;399.04;200.522
TBB;hsw;generic;3;9;1.0;on;off;0.0404;on;1;1;2;FinaliseMeshRefinement;0;1;0.81;0.446314
TBB;hsw;generic;3;9;1.0;on;off;0.0404;on;1;1;2;MeshRefinement;0;2;4.82;4.82608
TBB;hsw;generic;3;9;1.0;on;off;0.0404;on;1;1;2;Prediction;0;11;2.85;1.60505
TBB;hsw;generic;3;9;1.0;on;off;0.0404;on;1;1;2;SolutionUpdate;0;10;15.15;7.95114
TBB;hsw;generic;3;9;1.0;on;off;0.0404;on;1;1;4;BroadcastGlobalDataAndDropNeighbourMessages;0;1;42.74;10.7583
TBB;hsw;generic;3;9;1.0;on;off;0.0404;on;1;1;4;BroadcastGlobalDataAndMergeNeighbourMessages;0;10;445.52;112.796
TBB;hsw;generic;3;9;1.0;on;off;0.0404;on;1;1;4;FinaliseMeshRefinement;0;1;0.96;0.303921
TBB;hsw;generic;3;9;1.0;on;off;0.0404;on;1;1;4;MeshRefinement;0;2;4.93;4.93512
TBB;hsw;generic;3;9;1.0;on;off;0.0404;on;1;1;4;Prediction;0;11;5.37;1.71085
TBB;hsw;generic;3;9;1.0;on;off;0.0404;on;1;1;4;SolutionUpdate;0;10;17.47;5.00961
TBB;hsw;generic;3;9;1.0;on;off;0.0404;on;1;1;8;BroadcastGlobalDataAndDropNeighbourMessages;0;1;63.76;8.05772
TBB;hsw;generic;3;9;1.0;on;off;0.0404;on;1;1;8;BroadcastGlobalDataAndMergeNeighbourMessages;0;10;661.5;84.3469
TBB;hsw;generic;3;9;1.0;on;off;0.0404;on;1;1;8;FinaliseMeshRefinement;0;1;1.09;0.2183
TBB;hsw;generic;3;9;1.0;on;off;0.0404;on;1;1;8;MeshRefinement;0;2;4.96;4.97021
TBB;hsw;generic;3;9;1.0;on;off;0.0404;on;1;1;8;Prediction;0;11;12.41;2.04393
TBB;hsw;generic;3;9;1.0;on;off;0.0404;on;1;1;8;SolutionUpdate;0;10;19.36;3.24065
TBB;hsw;generic;3;9;1.0;on;off;0.0404;on;1;1;16;BroadcastGlobalDataAndDropNeighbourMessages;0;1;158.07;9.98187
TBB;hsw;generic;3;9;1.0;on;off;0.0404;on;1;1;16;BroadcastGlobalDataAndMergeNeighbourMessages;0;10;1620.5;103.157
TBB;hsw;generic;3;9;1.0;on;off;0.0404;on;1;1;16;FinaliseMeshRefinement;0;1;1.56;0.2366
TBB;hsw;generic;3;9;1.0;on;off;0.0404;on;1;1;16;MeshRefinement;0;2;5.08;5.09771
TBB;hsw;generic;3;9;1.0;on;off;0.0404;on;1;1;16;Prediction;0;11;107.24;7.23251
TBB;hsw;generic;3;9;1.0;on;off;0.0404;on;1;1;16;SolutionUpdate;0;10;24.81;2.4826
TBB;hsw;generic;3;9;1.0;on;off;0.0404;on;1;1;24;BroadcastGlobalDataAndDropNeighbourMessages;0;1;208.99;10.1042
TBB;hsw;generic;3;9;1.0;on;off;0.0404;on;1;1;24;BroadcastGlobalDataAndMergeNeighbourMessages;0;10;2166.82;105.311
TBB;hsw;generic;3;9;1.0;on;off;0.0404;on;1;1;24;FinaliseMeshRefinement;0;1;1.44;0.230848
TBB;hsw;generic;3;9;1.0;on;off;0.0404;on;1;1;24;MeshRefinement;0;2;5.27;5.27221
TBB;hsw;generic;3;9;1.0;on;off;0.0404;on;1;1;24;Prediction;0;11;256.48;12.7779
TBB;hsw;generic;3;9;1.0;on;off;0.0404;on;1;1;24;SolutionUpdate;0;10;26.82;2.28382
TBB;hsw;generic;3;9;1.0;on;on;0.0404;off;1;1;1;BroadcastGlobalDataAndDropNeighbourMessages;0;1;0.09;0.0923684
TBB;hsw;generic;3;9;1.0;on;on;0.0404;off;1;1;1;FinaliseMeshRefinement;0;1;0.75;0.752873
TBB;hsw;generic;3;9;1.0;on;on;0.0404;off;1;1;1;FusedTimeStep;0;10;403.15;403.62
TBB;hsw;generic;3;9;1.0;on;on;0.0404;off;1;1;1;MeshRefinement;0;2;4.88;4.87212
TBB;hsw;generic;3;9;1.0;on;on;0.0404;off;1;1;1;Prediction;0;1;38.32;38.3671
TBB;hsw;generic;3;9;1.0;on;on;0.0404;off;1;1;2;BroadcastGlobalDataAndDropNeighbourMessages;0;1;0.12;0.097922
TBB;hsw;generic;3;9;1.0;on;on;0.0404;off;1;1;2;FinaliseMeshRefinement;0;1;0.83;0.453243
TBB;hsw;generic;3;9;1.0;on;on;0.0404;off;1;1;2;FusedTimeStep;0;10;414.13;208.028
TBB;hsw;generic;3;9;1.0;on;on;0.0404;off;1;1;2;MeshRefinement;0;2;4.82;4.83185
TBB;hsw;generic;3;9;1.0;on;on;0.0404;off;1;1;2;Prediction;0;1;39.55;19.8357
TBB;hsw;generic;3;9;1.0;on;on;0.0404;off;1;1;4;BroadcastGlobalDataAndDropNeighbourMessages;0;1;0.16;0.10201
TBB;hsw;generic;3;9;1.0;on;on;0.0404;off;1;1;4;FinaliseMeshRefinement;0;1;0.96;0.308289
TBB;hsw;generic;3;9;1.0;on;on;0.0404;off;1;1;4;FusedTimeStep;0;10;467.53;118.254
TBB;hsw;generic;3;9;1.0;on;on;0.0404;off;1;1;4;MeshRefinement;0;2;4.86;4.86778
TBB;hsw;generic;3;9;1.0;on;on;0.0404;off;1;1;4;Prediction;0;1;43.9;11.047
TBB;hsw;generic;3;9;1.0;on;on;0.0404;off;1;1;8;BroadcastGlobalDataAndDropNeighbourMessages;0;1;0.17;0.108935
TBB;hsw;generic;3;9;1.0;on;on;0.0404;off;1;1;8;FinaliseMeshRefinement;0;1;1.1;0.217967
TBB;hsw;generic;3;9;1.0;on;on;0.0404;off;1;1;8;FusedTimeStep;0;10;695.66;88.5194
TBB;hsw;generic;3;9;1.0;on;on;0.0404;off;1;1;8;MeshRefinement;0;2;4.92;4.92711
TBB;hsw;generic;3;9;1.0;on;on;0.0404;off;1;1;8;Prediction;0;1;65.2;8.23489
TBB;hsw;generic;3;9;1.0;on;on;0.0404;off;1;1;12;BroadcastGlobalDataAndDropNeighbourMessages;0;1;0.16;0.0986151
TBB;hsw;generic;3;9;1.0;on;on;0.0404;off;1;1;12;FinaliseMeshRefinement;0;1;1.12;0.227148
TBB;hsw;generic;3;9;1.0;on;on;0.0404;off;1;1;12;FusedTimeStep;0;10;1105.07;93.715
TBB;hsw;generic;3;9;1.0;on;on;0.0404;off;1;1;12;MeshRefinement;0;2;5.27;5.27803
TBB;hsw;generic;3;9;1.0;on;on;0.0404;off;1;1;12;Prediction;0;1;106.66;9.01514
TBB;hsw;generic;3;9;1.0;on;on;0.0404;off;1;1;16;BroadcastGlobalDataAndDropNeighbourMessages;0;1;0.18;0.105556
TBB;hsw;generic;3;9;1.0;on;on;0.0404;off;1;1;16;FinaliseMeshRefinement;0;1;1.43;0.189041
TBB;hsw;generic;3;9;1.0;on;on;0.0404;off;1;1;16;FusedTimeStep;0;10;1665.4;109.996
TBB;hsw;generic;3;9;1.0;on;on;0.0404;off;1;1;16;MeshRefinement;0;2;4.85;4.85421
TBB;hsw;generic;3;9;1.0;on;on;0.0404;off;1;1;16;Prediction;0;1;172.96;10.9173
TBB;hsw;generic;3;9;1.0;on;on;0.0404;off;1;1;24;BroadcastGlobalDataAndDropNeighbourMessages;0;1;0.22;0.120092
TBB;hsw;generic;3;9;1.0;on;on;0.0404;off;1;1;24;FinaliseMeshRefinement;0;1;1.6;0.175556
TBB;hsw;generic;3;9;1.0;on;on;0.0404;off;1;1;24;FusedTimeStep;0;10;2520.61;115.334
TBB;hsw;generic;3;9;1.0;on;on;0.0404;off;1;1;24;MeshRefinement;0;2;4.96;4.96472
TBB;hsw;generic;3;9;1.0;on;on;0.0404;off;1;1;24;Prediction;0;1;281.09;11.8342
TBB;hsw;generic;3;9;1.0;on;on;0.0404;on;1;1;1;BroadcastGlobalDataAndDropNeighbourMessages;0;1;39.51;39.5552
TBB;hsw;generic;3;9;1.0;on;on;0.0404;on;1;1;1;FinaliseMeshRefinement;0;1;0.71;0.706799
TBB;hsw;generic;3;9;1.0;on;on;0.0404;on;1;1;1;FusedTimeStep;0;10;421.7;422.208
TBB;hsw;generic;3;9;1.0;on;on;0.0404;on;1;1;1;MeshRefinement;0;2;4.89;4.89798
TBB;hsw;generic;3;9;1.0;on;on;0.0404;on;1;1;1;Prediction;0;1;0.21;0.210052
TBB;hsw;generic;3;9;1.0;on;on;0.0404;on;1;1;2;BroadcastGlobalDataAndDropNeighbourMessages;0;1;38.25;19.1956
TBB;hsw;generic;3;9;1.0;on;on;0.0404;on;1;1;2;FinaliseMeshRefinement;0;1;0.8;0.440568
TBB;hsw;generic;3;9;1.0;on;on;0.0404;on;1;1;2;FusedTimeStep;0;10;410.76;206.233
TBB;hsw;generic;3;9;1.0;on;on;0.0404;on;1;1;2;MeshRefinement;0;2;4.92;4.92366
TBB;hsw;generic;3;9;1.0;on;on;0.0404;on;1;1;2;Prediction;0;1;0.25;0.143237
TBB;hsw;generic;3;9;1.0;on;on;0.0404;on;1;1;16;BroadcastGlobalDataAndDropNeighbourMessages;0;1;148.48;9.3922
TBB;hsw;generic;3;9;1.0;on;on;0.0404;on;1;1;16;FinaliseMeshRefinement;0;1;1.45;0.190752
TBB;hsw;generic;3;9;1.0;on;on;0.0404;on;1;1;16;FusedTimeStep;0;10;1682.24;106.473
TBB;hsw;generic;3;9;1.0;on;on;0.0404;on;1;1;16;MeshRefinement;0;2;5.09;5.09329
TBB;hsw;generic;3;9;1.0;on;on;0.0404;on;1;1;16;Prediction;0;1;2.08;0.17328
TBB;hsw;generic,usestack;3;3;1.0;on;off;0.0404;off;1;1;1;BroadcastGlobalDataAndDropNeighbourMessages;0;1;0.09;0.0907852
TBB;hsw;generic,usestack;3;3;1.0;on;off;0.0404;off;1;1;1;BroadcastGlobalDataAndMergeNeighbourMessages;0;10;7.04;7.04584
TBB;hsw;generic,usestack;3;3;1.0;on;off;0.0404;off;1;1;1;FinaliseMeshRefinement;0;1;0.16;0.161386
TBB;hsw;generic,usestack;3;3;1.0;on;off;0.0404;off;1;1;1;MeshRefinement;0;2;1.27;1.27508
TBB;hsw;generic,usestack;3;3;1.0;on;off;0.0404;off;1;1;1;Prediction;0;11;8.71;8.73007
TBB;hsw;generic,usestack;3;3;1.0;on;off;0.0404;off;1;1;1;SolutionUpdate;0;10;2.21;2.20607
TBB;hsw;generic,usestack;3;3;1.0;on;off;0.0404;off;1;1;2;BroadcastGlobalDataAndDropNeighbourMessages;0;1;0.12;0.0966443
TBB;hsw;generic,usestack;3;3;1.0;on;off;0.0404;off;1;1;2;BroadcastGlobalDataAndMergeNeighbourMessages;0;10;8.76;4.71572
TBB;hsw;generic,usestack;3;3;1.0;on;off;0.0404;off;1;1;2;FinaliseMeshRefinement;0;1;0.22;0.140199
TBB;hsw;generic,usestack;3;3;1.0;on;off;0.0404;off;1;1;2;MeshRefinement;0;2;1.17;1.17867
TBB;hsw;generic,usestack;3;3;1.0;on;off;0.0404;off;1;1;2;Prediction;0;11;10.56;5.71826
TBB;hsw;generic,usestack;3;3;1.0;on;off;0.0404;off;1;1;2;SolutionUpdate;0;10;2.75;1.74098
TBB;hsw;generic,usestack;3;3;1.0;on;off;0.0404;off;1;1;8;BroadcastGlobalDataAndDropNeighbourMessages;0;1;0.16;0.0997629
TBB;hsw;generic,usestack;3;3;1.0;on;off;0.0404;off;1;1;8;BroadcastGlobalDataAndMergeNeighbourMessages;0;10;14.16;2.50944
TBB;hsw;generic,usestack;3;3;1.0;on;off;0.0404;off;1;1;8;FinaliseMeshRefinement;0;1;0.29;0.138811
TBB;hsw;generic,usestack;3;3;1.0;on;off;0.0404;off;1;1;8;MeshRefinement;0;2;1.32;1.33752
TBB;hsw;generic,usestack;3;3;1.0;on;off;0.0404;off;1;1;8;Prediction;0;11;13.44;2.56063
TBB;hsw;generic,usestack;3;3;1.0;on;off;0.0404;off;1;1;8;SolutionUpdate;0;10;3.76;1.32602
TBB;hsw;generic,usestack;3;3;1.0;on;off;0.0404;off;1;1;12;BroadcastGlobalDataAndDropNeighbourMessages;0;1;0.16;0.107021
TBB;hsw;generic,usestack;3;3;1.0;on;off;0.0404;off;1;1;12;BroadcastGlobalDataAndMergeNeighbourMessages;0;10;16.8;2.31744
TBB;hsw;generic,usestack;3;3;1.0;on;off;0.0404;off;1;1;12;FinaliseMeshRefinement;0;1;0.29;0.130925
TBB;hsw;generic,usestack;3;3;1.0;on;off;0.0404;off;1;1;12;MeshRefinement;0;2;1.27;1.27628
TBB;hsw;generic,usestack;3;3;1.0;on;off;0.0404;off;1;1;12;Prediction;0;11;14.43;2.24665
TBB;hsw;generic,usestack;3;3;1.0;on;off;0.0404;off;1;1;12;SolutionUpdate;0;10;3.97;1.29724
TBB;hsw;generic,usestack;3;3;1.0;on;off;0.0404;off;1;1;16;BroadcastGlobalDataAndDropNeighbourMessages;0;1;0.17;0.105805
TBB;hsw;generic,usestack;3;3;1.0;on;off;0.0404;off;1;1;16;BroadcastGlobalDataAndMergeNeighbourMessages;0;10;21.71;2.28045
TBB;hsw;generic,usestack;3;3;1.0;on;off;0.0404;off;1;1;16;FinaliseMeshRefinement;0;1;0.31;0.114666
TBB;hsw;generic,usestack;3;3;1.0;on;off;0.0404;off;1;1;16;MeshRefinement;0;2;1.19;1.19047
TBB;hsw;generic,usestack;3;3;1.0;on;off;0.0404;off;1;1;16;Prediction;0;11;16.61;2.11029
TBB;hsw;generic,usestack;3;3;1.0;on;off;0.0404;off;1;1;16;SolutionUpdate;0;10;4.44;1.31296
TBB;hsw;generic,usestack;3;3;1.0;on;off;0.0404;off;1;1;24;BroadcastGlobalDataAndDropNeighbourMessages;0;1;0.19;0.106154
TBB;hsw;generic,usestack;3;3;1.0;on;off;0.0404;off;1;1;24;BroadcastGlobalDataAndMergeNeighbourMessages;0;10;31.59;2.31788
TBB;hsw;generic,usestack;3;3;1.0;on;off;0.0404;off;1;1;24;FinaliseMeshRefinement;0;1;0.41;0.124782
TBB;hsw;generic,usestack;3;3;1.0;on;off;0.0404;off;1;1;24;MeshRefinement;0;2;1.27;1.27209
TBB;hsw;generic,usestack;3;3;1.0;on;off;0.0404;off;1;1;24;Prediction;0;11;19.49;1.91893
TBB;hsw;generic,usestack;3;3;1.0;on;off;0.0404;off;1;1;24;SolutionUpdate;0;10;4.53;1.2452
TBB;hsw;generic,usestack;3;3;1.0;on;off;0.0404;on;1;1;1;BroadcastGlobalDataAndDropNeighbourMessages;0;1;0.71;0.705689
TBB;hsw;generic,usestack;3;3;1.0;on;off;0.0404;on;1;1;1;BroadcastGlobalDataAndMergeNeighbourMessages;0;10;13.27;13.285
TBB;hsw;generic,usestack;3;3;1.0;on;off;0.0404;on;1;1;1;FinaliseMeshRefinement;0;1;0.17;0.162533
TBB;hsw;generic,usestack;3;3;1.0;on;off;0.0404;on;1;1;1;MeshRefinement;0;2;1.3;1.30463
TBB;hsw;generic,usestack;3;3;1.0;on;off;0.0404;on;1;1;1;Prediction;0;11;2.21;2.21761
TBB;hsw;generic,usestack;3;3;1.0;on;off;0.0404;on;1;1;1;SolutionUpdate;0;10;2.2;2.20453
TBB;hsw;generic,usestack;3;3;1.0;on;off;0.0404;on;1;1;2;BroadcastGlobalDataAndDropNeighbourMessages;0;1;0.82;0.451813
TBB;hsw;generic,usestack;3;3;1.0;on;off;0.0404;on;1;1;2;BroadcastGlobalDataAndMergeNeighbourMessages;0;10;15.41;8.0572
TBB;hsw;generic,usestack;3;3;1.0;on;off;0.0404;on;1;1;2;FinaliseMeshRefinement;0;1;0.2;0.141595
TBB;hsw;generic,usestack;3;3;1.0;on;off;0.0404;on;1;1;2;MeshRefinement;0;2;1.27;1.26818
TBB;hsw;generic,usestack;3;3;1.0;on;off;0.0404;on;1;1;2;Prediction;0;11;2.76;1.56761
TBB;hsw;generic,usestack;3;3;1.0;on;off;0.0404;on;1;1;2;SolutionUpdate;0;10;2.69;1.73246
TBB;hsw;generic,usestack;3;3;1.0;on;off;0.0404;on;1;1;8;BroadcastGlobalDataAndDropNeighbourMessages;0;1;0.55;0.153444
TBB;hsw;generic,usestack;3;3;1.0;on;off;0.0404;on;1;1;8;BroadcastGlobalDataAndMergeNeighbourMessages;0;10;17.94;3.01439
TBB;hsw;generic,usestack;3;3;1.0;on;off;0.0404;on;1;1;8;FinaliseMeshRefinement;0;1;0.29;0.121331
TBB;hsw;generic,usestack;3;3;1.0;on;off;0.0404;on;1;1;8;MeshRefinement;0;2;1.18;1.18273
TBB;hsw;generic,usestack;3;3;1.0;on;off;0.0404;on;1;1;8;Prediction;0;11;10.99;1.84486
TBB;hsw;generic,usestack;3;3;1.0;on;off;0.0404;on;1;1;8;SolutionUpdate;0;10;3.78;1.35679
TBB;hsw;generic,usestack;3;3;1.0;on;off;0.0404;on;1;1;24;BroadcastGlobalDataAndDropNeighbourMessages;0;1;0.19;0.111892
TBB;hsw;generic,usestack;3;3;1.0;on;off;0.0404;on;1;1;24;BroadcastGlobalDataAndMergeNeighbourMessages;0;10;30.97;2.32347
TBB;hsw;generic,usestack;3;3;1.0;on;off;0.0404;on;1;1;24;FinaliseMeshRefinement;0;1;0.39;0.120743
TBB;hsw;generic,usestack;3;3;1.0;on;off;0.0404;on;1;1;24;MeshRefinement;0;2;1.27;1.26814
TBB;hsw;generic,usestack;3;3;1.0;on;off;0.0404;on;1;1;24;Prediction;0;11;275.46;12.6363
TBB;hsw;generic,usestack;3;3;1.0;on;off;0.0404;on;1;1;24;SolutionUpdate;0;10;4.88;1.26866
TBB;hsw;generic,usestack;3;3;1.0;on;on;0.0404;off;1;1;1;BroadcastGlobalDataAndDropNeighbourMessages;0;1;0.09;0.0993883
TBB;hsw;generic,usestack;3;3;1.0;on;on;0.0404;off;1;1;1;FinaliseMeshRefinement;0;1;0.17;0.163051
TBB;hsw;generic,usestack;3;3;1.0;on;on;0.0404;off;1;1;1;FusedTimeStep;0;10;15.31;15.3264
TBB;hsw;generic,usestack;3;3;1.0;on;on;0.0404;off;1;1;1;MeshRefinement;0;2;1.27;1.27238
TBB;hsw;generic,usestack;3;3;1.0;on;on;0.0404;off;1;1;1;Prediction;0;1;0.8;0.807179
TBB;hsw;generic,usestack;3;3;1.0;on;on;0.0404;off;1;1;2;BroadcastGlobalDataAndDropNeighbourMessages;0;1;0.13;0.0977202
TBB;hsw;generic,usestack;3;3;1.0;on;on;0.0404;off;1;1;2;FinaliseMeshRefinement;0;1;0.21;0.140718
TBB;hsw;generic,usestack;3;3;1.0;on;on;0.0404;off;1;1;2;FusedTimeStep;0;10;16.98;8.83766
TBB;hsw;generic,usestack;3;3;1.0;on;on;0.0404;off;1;1;2;MeshRefinement;0;2;1.28;1.27907
TBB;hsw;generic,usestack;3;3;1.0;on;on;0.0404;off;1;1;2;Prediction;0;1;0.95;0.514963
TBB;hsw;generic,usestack;3;3;1.0;on;on;0.0404;off;1;1;4;BroadcastGlobalDataAndDropNeighbourMessages;0;1;0.16;0.103344
TBB;hsw;generic,usestack;3;3;1.0;on;on;0.0404;off;1;1;4;FinaliseMeshRefinement;0;1;0.27;0.136321
TBB;hsw;generic,usestack;3;3;1.0;on;on;0.0404;off;1;1;4;FusedTimeStep;0;10;20.16;5.61739
TBB;hsw;generic,usestack;3;3;1.0;on;on;0.0404;off;1;1;4;MeshRefinement;0;2;1.25;1.25487
TBB;hsw;generic,usestack;3;3;1.0;on;on;0.0404;off;1;1;4;Prediction;0;1;1.08;0.331815
TBB;hsw;generic,usestack;3;3;1.0;on;on;0.0404;off;1;1;8;BroadcastGlobalDataAndDropNeighbourMessages;0;1;0.16;0.100156
TBB;hsw;generic,usestack;3;3;1.0;on;on;0.0404;off;1;1;8;FinaliseMeshRefinement;0;1;0.29;0.123752
TBB;hsw;generic,usestack;3;3;1.0;on;on;0.0404;off;1;1;8;FusedTimeStep;0;10;25.11;3.89036
TBB;hsw;generic,usestack;3;3;1.0;on;on;0.0404;off;1;1;8;MeshRefinement;0;2;1.32;1.31598
TBB;hsw;generic,usestack;3;3;1.0;on;on;0.0404;off;1;1;8;Prediction;0;1;1.23;0.236394
TBB;hsw;generic,usestack;3;3;1.0;on;on;0.0404;off;1;1;12;BroadcastGlobalDataAndDropNeighbourMessages;0;1;0.17;0.102563
TBB;hsw;generic,usestack;3;3;1.0;on;on;0.0404;off;1;1;12;FinaliseMeshRefinement;0;1;0.28;0.113915
TBB;hsw;generic,usestack;3;3;1.0;on;on;0.0404;off;1;1;12;FusedTimeStep;0;10;29.2;3.24203
TBB;hsw;generic,usestack;3;3;1.0;on;on;0.0404;off;1;1;12;MeshRefinement;0;2;1.19;1.18291
TBB;hsw;generic,usestack;3;3;1.0;on;on;0.0404;off;1;1;12;Prediction;0;1;1.35;0.204312
TBB;hsw;generic,usestack;3;3;1.0;on;on;0.0404;off;1;1;16;BroadcastGlobalDataAndDropNeighbourMessages;0;1;0.19;0.110981
TBB;hsw;generic,usestack;3;3;1.0;on;on;0.0404;off;1;1;16;FinaliseMeshRefinement;0;1;0.31;0.115439
TBB;hsw;generic,usestack;3;3;1.0;on;on;0.0404;off;1;1;16;FusedTimeStep;0;10;36.6;3.11796
TBB;hsw;generic,usestack;3;3;1.0;on;on;0.0404;off;1;1;16;MeshRefinement;0;2;1.28;1.27334
TBB;hsw;generic,usestack;3;3;1.0;on;on;0.0404;off;1;1;16;Prediction;0;1;1.53;0.191127
TBB;hsw;generic,usestack;3;3;1.0;on;on;0.0404;off;1;1;24;BroadcastGlobalDataAndDropNeighbourMessages;0;1;0.21;0.111897
TBB;hsw;generic,usestack;3;3;1.0;on;on;0.0404;off;1;1;24;FinaliseMeshRefinement;0;1;0.37;0.122037
TBB;hsw;generic,usestack;3;3;1.0;on;on;0.0404;off;1;1;24;FusedTimeStep;0;10;48.5;3.02633
TBB;hsw;generic,usestack;3;3;1.0;on;on;0.0404;off;1;1;24;MeshRefinement;0;2;1.31;1.30707
TBB;hsw;generic,usestack;3;3;1.0;on;on;0.0404;off;1;1;24;Prediction;0;1;1.71;0.173587
TBB;hsw;generic,usestack;3;3;1.0;on;on;0.0404;on;1;1;1;BroadcastGlobalDataAndDropNeighbourMessages;0;1;0.7;0.70395
TBB;hsw;generic,usestack;3;3;1.0;on;on;0.0404;on;1;1;1;FinaliseMeshRefinement;0;1;0.16;0.161318
TBB;hsw;generic,usestack;3;3;1.0;on;on;0.0404;on;1;1;1;FusedTimeStep;0;10;15.57;15.5952
TBB;hsw;generic,usestack;3;3;1.0;on;on;0.0404;on;1;1;1;MeshRefinement;0;2;1.29;1.29451
TBB;hsw;generic,usestack;3;3;1.0;on;on;0.0404;on;1;1;1;Prediction;0;1;0.2;0.19727
TBB;hsw;generic,usestack;3;3;1.0;on;on;0.0404;on;1;1;2;BroadcastGlobalDataAndDropNeighbourMessages;0;1;0.7;0.39349
TBB;hsw;generic,usestack;3;3;1.0;on;on;0.0404;on;1;1;2;FinaliseMeshRefinement;0;1;0.21;0.140499
TBB;hsw;generic,usestack;3;3;1.0;on;on;0.0404;on;1;1;2;FusedTimeStep;0;10;16.91;8.60997
TBB;hsw;generic,usestack;3;3;1.0;on;on;0.0404;on;1;1;2;MeshRefinement;0;2;1.17;1.17791
TBB;hsw;generic,usestack;3;3;1.0;on;on;0.0404;on;1;1;2;Prediction;0;1;0.24;0.140173
TBB;hsw;generic,usestack;3;3;1.0;on;on;0.0404;on;1;1;4;BroadcastGlobalDataAndDropNeighbourMessages;0;1;0.54;0.202193
TBB;hsw;generic,usestack;3;3;1.0;on;on;0.0404;on;1;1;4;FinaliseMeshRefinement;0;1;0.27;0.137647
TBB;hsw;generic,usestack;3;3;1.0;on;on;0.0404;on;1;1;4;FusedTimeStep;0;10;20.1;5.31723
TBB;hsw;generic,usestack;3;3;1.0;on;on;0.0404;on;1;1;4;MeshRefinement;0;2;1.24;1.24816
TBB;hsw;generic,usestack;3;3;1.0;on;on;0.0404;on;1;1;4;Prediction;0;1;0.43;0.13347
TBB;hsw;generic,usestack;3;3;1.0;on;on;0.0404;on;1;1;16;BroadcastGlobalDataAndDropNeighbourMessages;0;1;0.18;0.101797
TBB;hsw;generic,usestack;3;3;1.0;on;on;0.0404;on;1;1;16;FinaliseMeshRefinement;0;1;0.45;0.137668
TBB;hsw;generic,usestack;3;3;1.0;on;on;0.0404;on;1;1;16;FusedTimeStep;0;10;84.25;6.43617
TBB;hsw;generic,usestack;3;3;1.0;on;on;0.0404;on;1;1;16;MeshRefinement;0;2;1.26;1.27563
TBB;hsw;generic,usestack;3;3;1.0;on;on;0.0404;on;1;1;16;Prediction;0;1;8.4;0.617431
TBB;hsw;generic,usestack;3;6;1.0;on;off;0.0404;off;1;1;1;BroadcastGlobalDataAndDropNeighbourMessages;0;1;0.09;0.0922039
TBB;hsw;generic,usestack;3;6;1.0;on;off;0.0404;off;1;1;1;BroadcastGlobalDataAndMergeNeighbourMessages;0;10;8.73;8.77792
TBB;hsw;generic,usestack;3;6;1.0;on;off;0.0404;off;1;1;1;FinaliseMeshRefinement;0;1;0.33;0.323598
TBB;hsw;generic,usestack;3;6;1.0;on;off;0.0404;off;1;1;1;MeshRefinement;0;2;2.52;2.52954
TBB;hsw;generic,usestack;3;6;1.0;on;off;0.0404;off;1;1;1;Prediction;0;11;75.65;75.7149
TBB;hsw;generic,usestack;3;6;1.0;on;off;0.0404;off;1;1;1;SolutionUpdate;0;10;6;5.99354
TBB;hsw;generic,usestack;3;6;1.0;on;off;0.0404;off;1;1;2;BroadcastGlobalDataAndDropNeighbourMessages;0;1;0.13;0.0977132
TBB;hsw;generic,usestack;3;6;1.0;on;off;0.0404;off;1;1;2;BroadcastGlobalDataAndMergeNeighbourMessages;0;10;10.25;5.56501
TBB;hsw;generic,usestack;3;6;1.0;on;off;0.0404;off;1;1;2;FinaliseMeshRefinement;0;1;0.39;0.234345
TBB;hsw;generic,usestack;3;6;1.0;on;off;0.0404;off;1;1;2;MeshRefinement;0;2;2.42;2.42075
TBB;hsw;generic,usestack;3;6;1.0;on;off;0.0404;off;1;1;2;Prediction;0;11;78.12;39.5149
TBB;hsw;generic,usestack;3;6;1.0;on;off;0.0404;off;1;1;2;SolutionUpdate;0;10;6.66;3.71788
TBB;hsw;generic,usestack;3;6;1.0;on;off;0.0404;off;1;1;8;BroadcastGlobalDataAndDropNeighbourMessages;0;1;0.17;0.0998568
TBB;hsw;generic,usestack;3;6;1.0;on;off;0.0404;off;1;1;8;BroadcastGlobalDataAndMergeNeighbourMessages;0;10;18.23;3.16769
TBB;hsw;generic,usestack;3;6;1.0;on;off;0.0404;off;1;1;8;FinaliseMeshRefinement;0;1;0.57;0.16006
TBB;hsw;generic,usestack;3;6;1.0;on;off;0.0404;off;1;1;8;MeshRefinement;0;2;2.51;2.52918
TBB;hsw;generic,usestack;3;6;1.0;on;off;0.0404;off;1;1;8;Prediction;0;11;93.06;12.5188
TBB;hsw;generic,usestack;3;6;1.0;on;off;0.0404;off;1;1;8;SolutionUpdate;0;10;9.16;1.98625
TBB;hsw;generic,usestack;3;6;1.0;on;off;0.0404;off;1;1;12;BroadcastGlobalDataAndDropNeighbourMessages;0;1;0.17;0.109468
TBB;hsw;generic,usestack;3;6;1.0;on;off;0.0404;off;1;1;12;BroadcastGlobalDataAndMergeNeighbourMessages;0;10;23.84;3.0471
TBB;hsw;generic,usestack;3;6;1.0;on;off;0.0404;off;1;1;12;FinaliseMeshRefinement;0;1;0.56;0.132375
TBB;hsw;generic,usestack;3;6;1.0;on;off;0.0404;off;1;1;12;MeshRefinement;0;2;2.51;2.5128
TBB;hsw;generic,usestack;3;6;1.0;on;off;0.0404;off;1;1;12;Prediction;0;11;97.81;9.10312
TBB;hsw;generic,usestack;3;6;1.0;on;off;0.0404;off;1;1;12;SolutionUpdate;0;10;10;1.73548
TBB;hsw;generic,usestack;3;6;1.0;on;off;0.0404;off;1;1;16;BroadcastGlobalDataAndDropNeighbourMessages;0;1;0.18;0.106366
TBB;hsw;generic,usestack;3;6;1.0;on;off;0.0404;off;1;1;16;BroadcastGlobalDataAndMergeNeighbourMessages;0;10;31.67;2.9955
TBB;hsw;generic,usestack;3;6;1.0;on;off;0.0404;off;1;1;16;FinaliseMeshRefinement;0;1;0.7;0.134795
TBB;hsw;generic,usestack;3;6;1.0;on;off;0.0404;off;1;1;16;MeshRefinement;0;2;2.54;2.54237
TBB;hsw;generic,usestack;3;6;1.0;on;off;0.0404;off;1;1;16;Prediction;0;11;102.09;7.42331
TBB;hsw;generic,usestack;3;6;1.0;on;off;0.0404;off;1;1;16;SolutionUpdate;0;10;11.48;1.68026
TBB;hsw;generic,usestack;3;6;1.0;on;off;0.0404;off;1;1;24;BroadcastGlobalDataAndDropNeighbourMessages;0;1;0.2;0.107028
TBB;hsw;generic,usestack;3;6;1.0;on;off;0.0404;off;1;1;24;BroadcastGlobalDataAndMergeNeighbourMessages;0;10;45.01;2.97852
TBB;hsw;generic,usestack;3;6;1.0;on;off;0.0404;off;1;1;24;FinaliseMeshRefinement;0;1;0.91;0.138243
TBB;hsw;generic,usestack;3;6;1.0;on;off;0.0404;off;1;1;24;MeshRefinement;0;2;2.5;2.50767
TBB;hsw;generic,usestack;3;6;1.0;on;off;0.0404;off;1;1;24;Prediction;0;11;106.7;5.61674
TBB;hsw;generic,usestack;3;6;1.0;on;off;0.0404;off;1;1;24;SolutionUpdate;0;10;14.28;1.62926
TBB;hsw;generic,usestack;3;6;1.0;on;off;0.0404;on;1;1;1;BroadcastGlobalDataAndDropNeighbourMessages;0;1;6.73;6.73192
TBB;hsw;generic,usestack;3;6;1.0;on;off;0.0404;on;1;1;1;BroadcastGlobalDataAndMergeNeighbourMessages;0;10;75.38;75.4491
TBB;hsw;generic,usestack;3;6;1.0;on;off;0.0404;on;1;1;1;FinaliseMeshRefinement;0;1;0.33;0.3225
TBB;hsw;generic,usestack;3;6;1.0;on;off;0.0404;on;1;1;1;MeshRefinement;0;2;2.55;2.56228
TBB;hsw;generic,usestack;3;6;1.0;on;off;0.0404;on;1;1;1;Prediction;0;11;2.24;2.22469
TBB;hsw;generic,usestack;3;6;1.0;on;off;0.0404;on;1;1;1;SolutionUpdate;0;10;5.96;6.00183
TBB;hsw;generic,usestack;3;6;1.0;on;off;0.0404;on;1;1;2;BroadcastGlobalDataAndDropNeighbourMessages;0;1;7.02;3.54723
TBB;hsw;generic,usestack;3;6;1.0;on;off;0.0404;on;1;1;2;BroadcastGlobalDataAndMergeNeighbourMessages;0;10;80.19;40.617
TBB;hsw;generic,usestack;3;6;1.0;on;off;0.0404;on;1;1;2;FinaliseMeshRefinement;0;1;0.4;0.23534
TBB;hsw;generic,usestack;3;6;1.0;on;off;0.0404;on;1;1;2;MeshRefinement;0;2;2.46;2.46855
TBB;hsw;generic,usestack;3;6;1.0;on;off;0.0404;on;1;1;2;Prediction;0;11;2.72;1.55635
TBB;hsw;generic,usestack;3;6;1.0;on;off;0.0404;on;1;1;2;SolutionUpdate;0;10;6.75;3.75379
TBB;hsw;generic,usestack;3;6;1.0;on;off;0.0404;on;1;1;16;BroadcastGlobalDataAndDropNeighbourMessages;0;1;6.84;0.547675
TBB;hsw;generic,usestack;3;6;1.0;on;off;0.0404;on;1;1;16;BroadcastGlobalDataAndMergeNeighbourMessages;0;10;93.16;6.97415
TBB;hsw;generic,usestack;3;6;1.0;on;off;0.0404;on;1;1;16;FinaliseMeshRefinement;0;1;0.69;0.144861
TBB;hsw;generic,usestack;3;6;1.0;on;off;0.0404;on;1;1;16;MeshRefinement;0;2;2.51;2.50826
TBB;hsw;generic,usestack;3;6;1.0;on;off;0.0404;on;1;1;16;Prediction;0;11;50.6;3.76238
TBB;hsw;generic,usestack;3;6;1.0;on;off;0.0404;on;1;1;16;SolutionUpdate;0;10;11.59;1.70809
TBB;hsw;generic,usestack;3;6;1.0;on;off;0.0404;on;1;1;24;BroadcastGlobalDataAndDropNeighbourMessages;0;1;4.08;0.285996
TBB;hsw;generic,usestack;3;6;1.0;on;off;0.0404;on;1;1;24;BroadcastGlobalDataAndMergeNeighbourMessages;0;10;84.85;4.78262
TBB;hsw;generic,usestack;3;6;1.0;on;off;0.0404;on;1;1;24;FinaliseMeshRefinement;0;1;0.89;0.141644
TBB;hsw;generic,usestack;3;6;1.0;on;off;0.0404;on;1;1;24;MeshRefinement;0;2;2.52;2.52064
TBB;hsw;generic,usestack;3;6;1.0;on;off;0.0404;on;1;1;24;Prediction;0;11;299.29;13.6105
TBB;hsw;generic,usestack;3;6;1.0;on;off;0.0404;on;1;1;24;SolutionUpdate;0;10;13.59;1.61266
TBB;hsw;generic,usestack;3;6;1.0;on;on;0.0404;off;1;1;1;BroadcastGlobalDataAndDropNeighbourMessages;0;1;0.09;0.0901931
TBB;hsw;generic,usestack;3;6;1.0;on;on;0.0404;off;1;1;1;FinaliseMeshRefinement;0;1;0.33;0.324636
TBB;hsw;generic,usestack;3;6;1.0;on;on;0.0404;off;1;1;1;FusedTimeStep;0;10;80.91;81.0071
TBB;hsw;generic,usestack;3;6;1.0;on;on;0.0404;off;1;1;1;MeshRefinement;0;2;2.5;2.51074
TBB;hsw;generic,usestack;3;6;1.0;on;on;0.0404;off;1;1;1;Prediction;0;1;7;7.00414
TBB;hsw;generic,usestack;3;6;1.0;on;on;0.0404;off;1;1;2;BroadcastGlobalDataAndDropNeighbourMessages;0;1;0.13;0.105603
TBB;hsw;generic,usestack;3;6;1.0;on;on;0.0404;off;1;1;2;FinaliseMeshRefinement;0;1;0.38;0.233496
TBB;hsw;generic,usestack;3;6;1.0;on;on;0.0404;off;1;1;2;FusedTimeStep;0;10;83.95;42.459
TBB;hsw;generic,usestack;3;6;1.0;on;on;0.0404;off;1;1;2;MeshRefinement;0;2;2.4;2.40428
TBB;hsw;generic,usestack;3;6;1.0;on;on;0.0404;off;1;1;2;Prediction;0;1;7.31;3.69418
TBB;hsw;generic,usestack;3;6;1.0;on;on;0.0404;off;1;1;8;BroadcastGlobalDataAndDropNeighbourMessages;0;1;0.16;0.109354
TBB;hsw;generic,usestack;3;6;1.0;on;on;0.0404;off;1;1;8;FinaliseMeshRefinement;0;1;0.57;0.155129
TBB;hsw;generic,usestack;3;6;1.0;on;on;0.0404;off;1;1;8;FusedTimeStep;0;10;98.69;13.2694
TBB;hsw;generic,usestack;3;6;1.0;on;on;0.0404;off;1;1;8;MeshRefinement;0;2;2.48;2.47969
TBB;hsw;generic,usestack;3;6;1.0;on;on;0.0404;off;1;1;8;Prediction;0;1;8.45;1.14474
TBB;hsw;generic,usestack;3;6;1.0;on;on;0.0404;off;1;1;12;BroadcastGlobalDataAndDropNeighbourMessages;0;1;0.17;0.0982096
TBB;hsw;generic,usestack;3;6;1.0;on;on;0.0404;off;1;1;12;FinaliseMeshRefinement;0;1;0.57;0.138154
TBB;hsw;generic,usestack;3;6;1.0;on;on;0.0404;off;1;1;12;FusedTimeStep;0;10;104.14;9.66814
TBB;hsw;generic,usestack;3;6;1.0;on;on;0.0404;off;1;1;12;MeshRefinement;0;2;2.44;2.44052
TBB;hsw;generic,usestack;3;6;1.0;on;on;0.0404;off;1;1;12;Prediction;0;1;8.88;0.829017
TBB;hsw;generic,usestack;3;6;1.0;on;on;0.0404;off;1;1;16;BroadcastGlobalDataAndDropNeighbourMessages;0;1;0.19;0.114351
TBB;hsw;generic,usestack;3;6;1.0;on;on;0.0404;off;1;1;16;FinaliseMeshRefinement;0;1;0.7;0.144319
TBB;hsw;generic,usestack;3;6;1.0;on;on;0.0404;off;1;1;16;FusedTimeStep;0;10;115.55;8.25031
TBB;hsw;generic,usestack;3;6;1.0;on;on;0.0404;off;1;1;16;MeshRefinement;0;2;2.42;2.42505
TBB;hsw;generic,usestack;3;6;1.0;on;on;0.0404;off;1;1;16;Prediction;0;1;9.39;0.680412
TBB;hsw;generic,usestack;3;6;1.0;on;on;0.0404;off;1;1;24;BroadcastGlobalDataAndDropNeighbourMessages;0;1;0.19;0.112562
TBB;hsw;generic,usestack;3;6;1.0;on;on;0.0404;off;1;1;24;FinaliseMeshRefinement;0;1;1.02;0.15017
TBB;hsw;generic,usestack;3;6;1.0;on;on;0.0404;off;1;1;24;FusedTimeStep;0;10;133.55;6.70231
TBB;hsw;generic,usestack;3;6;1.0;on;on;0.0404;off;1;1;24;MeshRefinement;0;2;2.5;2.50492
TBB;hsw;generic,usestack;3;6;1.0;on;on;0.0404;off;1;1;24;Prediction;0;1;10.66;0.543189
TBB;hsw;generic,usestack;3;6;1.0;on;on;0.0404;on;1;1;1;BroadcastGlobalDataAndDropNeighbourMessages;0;1;6.72;6.72993
TBB;hsw;generic,usestack;3;6;1.0;on;on;0.0404;on;1;1;1;FinaliseMeshRefinement;0;1;0.32;0.323831
TBB;hsw;generic,usestack;3;6;1.0;on;on;0.0404;on;1;1;1;FusedTimeStep;0;10;81.71;81.816
TBB;hsw;generic,usestack;3;6;1.0;on;on;0.0404;on;1;1;1;MeshRefinement;0;2;2.58;2.5738
TBB;hsw;generic,usestack;3;6;1.0;on;on;0.0404;on;1;1;1;Prediction;0;1;0.21;0.20804
TBB;hsw;generic,usestack;3;6;1.0;on;on;0.0404;on;1;1;2;BroadcastGlobalDataAndDropNeighbourMessages;0;1;6.78;3.43096
TBB;hsw;generic,usestack;3;6;1.0;on;on;0.0404;on;1;1;2;FinaliseMeshRefinement;0;1;0.39;0.233944
TBB;hsw;generic,usestack;3;6;1.0;on;on;0.0404;on;1;1;2;FusedTimeStep;0;10;84.71;42.6753
TBB;hsw;generic,usestack;3;6;1.0;on;on;0.0404;on;1;1;2;MeshRefinement;0;2;2.42;2.42342
TBB;hsw;generic,usestack;3;6;1.0;on;on;0.0404;on;1;1;2;Prediction;0;1;0.25;0.138739
TBB;hsw;generic,usestack;3;6;1.0;on;on;0.0404;on;1;1;8;BroadcastGlobalDataAndDropNeighbourMessages;0;1;6.6;0.907254
TBB;hsw;generic,usestack;3;6;1.0;on;on;0.0404;on;1;1;8;FinaliseMeshRefinement;0;1;0.56;0.159238
TBB;hsw;generic,usestack;3;6;1.0;on;on;0.0404;on;1;1;8;FusedTimeStep;0;10;101.09;13.2286
TBB;hsw;generic,usestack;3;6;1.0;on;on;0.0404;on;1;1;8;MeshRefinement;0;2;2.54;2.54277
TBB;hsw;generic,usestack;3;6;1.0;on;on;0.0404;on;1;1;8;Prediction;0;1;0.82;0.143148
TBB;hsw;generic,usestack;3;6;1.0;on;on;0.0404;on;1;1;12;BroadcastGlobalDataAndDropNeighbourMessages;0;1;5.68;0.564551
TBB;hsw;generic,usestack;3;6;1.0;on;on;0.0404;on;1;1;12;FinaliseMeshRefinement;0;1;0.58;0.137417
TBB;hsw;generic,usestack;3;6;1.0;on;on;0.0404;on;1;1;12;FusedTimeStep;0;10;106.81;9.50603
TBB;hsw;generic,usestack;3;6;1.0;on;on;0.0404;on;1;1;12;MeshRefinement;0;2;2.38;2.37362
TBB;hsw;generic,usestack;3;6;1.0;on;on;0.0404;on;1;1;12;Prediction;0;1;1.54;0.171055
TBB;hsw;generic,usestack;3;6;1.0;on;on;0.0404;on;1;1;16;BroadcastGlobalDataAndDropNeighbourMessages;0;1;5.14;0.416616
TBB;hsw;generic,usestack;3;6;1.0;on;on;0.0404;on;1;1;16;FinaliseMeshRefinement;0;1;0.7;0.138222
TBB;hsw;generic,usestack;3;6;1.0;on;on;0.0404;on;1;1;16;FusedTimeStep;0;10;142.79;9.59076
TBB;hsw;generic,usestack;3;6;1.0;on;on;0.0404;on;1;1;16;MeshRefinement;0;2;2.51;2.5181
TBB;hsw;generic,usestack;3;6;1.0;on;on;0.0404;on;1;1;16;Prediction;0;1;9.98;0.677842
TBB;hsw;generic,usestack;3;6;1.0;on;on;0.0404;on;1;1;24;BroadcastGlobalDataAndDropNeighbourMessages;0;1;2.88;0.22372
TBB;hsw;generic,usestack;3;6;1.0;on;on;0.0404;on;1;1;24;FinaliseMeshRefinement;0;1;0.92;0.15055
TBB;hsw;generic,usestack;3;6;1.0;on;on;0.0404;on;1;1;24;FusedTimeStep;0;10;266.67;11.9921
TBB;hsw;generic,usestack;3;6;1.0;on;on;0.0404;on;1;1;24;MeshRefinement;0;2;2.45;2.44864
TBB;hsw;generic,usestack;3;6;1.0;on;on;0.0404;on;1;1;24;Prediction;0;1;20.93;0.920171
TBB;hsw;generic,usestack;3;9;1.0;on;off;0.0404;off;1;1;1;BroadcastGlobalDataAndDropNeighbourMessages;0;1;0.09;0.0890129
TBB;hsw;generic,usestack;3;9;1.0;on;off;0.0404;off;1;1;1;BroadcastGlobalDataAndMergeNeighbourMessages;0;10;11.22;11.2524
TBB;hsw;generic,usestack;3;9;1.0;on;off;0.0404;off;1;1;1;FinaliseMeshRefinement;0;1;0.7;0.709073
TBB;hsw;generic,usestack;3;9;1.0;on;off;0.0404;off;1;1;1;MeshRefinement;0;2;4.95;4.95462
TBB;hsw;generic,usestack;3;9;1.0;on;off;0.0404;off;1;1;1;Prediction;0;11;379.22;379.672
TBB;hsw;generic,usestack;3;9;1.0;on;off;0.0404;off;1;1;1;SolutionUpdate;0;10;14.57;14.5766
TBB;hsw;generic,usestack;3;9;1.0;on;off;0.0404;off;1;1;2;BroadcastGlobalDataAndDropNeighbourMessages;0;1;0.11;0.0964992
TBB;hsw;generic,usestack;3;9;1.0;on;off;0.0404;off;1;1;2;BroadcastGlobalDataAndMergeNeighbourMessages;0;10;13.33;7.38148
TBB;hsw;generic,usestack;3;9;1.0;on;off;0.0404;off;1;1;2;FinaliseMeshRefinement;0;1;0.86;0.46282
TBB;hsw;generic,usestack;3;9;1.0;on;off;0.0404;off;1;1;2;MeshRefinement;0;2;4.98;4.98855
TBB;hsw;generic,usestack;3;9;1.0;on;off;0.0404;off;1;1;2;Prediction;0;11;385.07;193.165
TBB;hsw;generic,usestack;3;9;1.0;on;off;0.0404;off;1;1;2;SolutionUpdate;0;10;15.25;8.01228
TBB;hsw;generic,usestack;3;9;1.0;on;off;0.0404;off;1;1;8;BroadcastGlobalDataAndDropNeighbourMessages;0;1;0.18;0.101558
TBB;hsw;generic,usestack;3;9;1.0;on;off;0.0404;off;1;1;8;BroadcastGlobalDataAndMergeNeighbourMessages;0;10;26.47;4.73697
TBB;hsw;generic,usestack;3;9;1.0;on;off;0.0404;off;1;1;8;FinaliseMeshRefinement;0;1;1.08;0.219163
TBB;hsw;generic,usestack;3;9;1.0;on;off;0.0404;off;1;1;8;MeshRefinement;0;2;4.99;4.99942
TBB;hsw;generic,usestack;3;9;1.0;on;off;0.0404;off;1;1;8;Prediction;0;11;424.83;54.0237
TBB;hsw;generic,usestack;3;9;1.0;on;off;0.0404;off;1;1;8;SolutionUpdate;0;10;18.96;3.18957
TBB;hsw;generic,usestack;3;9;1.0;on;off;0.0404;off;1;1;12;BroadcastGlobalDataAndDropNeighbourMessages;0;1;0.16;0.100717
TBB;hsw;generic,usestack;3;9;1.0;on;off;0.0404;off;1;1;12;BroadcastGlobalDataAndMergeNeighbourMessages;0;10;34.85;4.38787
TBB;hsw;generic,usestack;3;9;1.0;on;off;0.0404;off;1;1;12;FinaliseMeshRefinement;0;1;1.19;0.201502
TBB;hsw;generic,usestack;3;9;1.0;on;off;0.0404;off;1;1;12;MeshRefinement;0;2;5;5.01049
TBB;hsw;generic,usestack;3;9;1.0;on;off;0.0404;off;1;1;12;Prediction;0;11;448.77;38.4518
TBB;hsw;generic,usestack;3;9;1.0;on;off;0.0404;off;1;1;12;SolutionUpdate;0;10;21.08;2.63442
TBB;hsw;generic,usestack;3;9;1.0;on;off;0.0404;off;1;1;16;BroadcastGlobalDataAndDropNeighbourMessages;0;1;0.19;0.112368
TBB;hsw;generic,usestack;3;9;1.0;on;off;0.0404;off;1;1;16;BroadcastGlobalDataAndMergeNeighbourMessages;0;10;46.5;4.39334
TBB;hsw;generic,usestack;3;9;1.0;on;off;0.0404;off;1;1;16;FinaliseMeshRefinement;0;1;1.42;0.198742
TBB;hsw;generic,usestack;3;9;1.0;on;off;0.0404;off;1;1;16;MeshRefinement;0;2;4.89;4.89502
TBB;hsw;generic,usestack;3;9;1.0;on;off;0.0404;off;1;1;16;Prediction;0;11;454.01;29.4255
TBB;hsw;generic,usestack;3;9;1.0;on;off;0.0404;off;1;1;16;SolutionUpdate;0;10;24.44;2.47252
TBB;hsw;generic,usestack;3;9;1.0;on;off;0.0404;off;1;1;24;BroadcastGlobalDataAndDropNeighbourMessages;0;1;0.18;0.104016
TBB;hsw;generic,usestack;3;9;1.0;on;off;0.0404;off;1;1;24;BroadcastGlobalDataAndMergeNeighbourMessages;0;10;63.22;4.54964
TBB;hsw;generic,usestack;3;9;1.0;on;off;0.0404;off;1;1;24;FinaliseMeshRefinement;0;1;1.58;0.177746
TBB;hsw;generic,usestack;3;9;1.0;on;off;0.0404;off;1;1;24;MeshRefinement;0;2;5.01;5.02386
TBB;hsw;generic,usestack;3;9;1.0;on;off;0.0404;off;1;1;24;Prediction;0;11;468.47;22.0458
TBB;hsw;generic,usestack;3;9;1.0;on;off;0.0404;off;1;1;24;SolutionUpdate;0;10;29.17;2.26468
TBB;hsw;generic,usestack;3;9;1.0;on;off;0.0404;on;1;1;1;BroadcastGlobalDataAndDropNeighbourMessages;0;1;34.16;34.2011
TBB;hsw;generic,usestack;3;9;1.0;on;off;0.0404;on;1;1;1;BroadcastGlobalDataAndMergeNeighbourMessages;0;10;352.96;353.39
TBB;hsw;generic,usestack;3;9;1.0;on;off;0.0404;on;1;1;1;FinaliseMeshRefinement;0;1;0.78;0.781839
TBB;hsw;generic,usestack;3;9;1.0;on;off;0.0404;on;1;1;1;MeshRefinement;0;2;4.84;4.84561
TBB;hsw;generic,usestack;3;9;1.0;on;off;0.0404;on;1;1;1;Prediction;0;11;2.16;2.16954
TBB;hsw;generic,usestack;3;9;1.0;on;off;0.0404;on;1;1;1;SolutionUpdate;0;10;14.78;14.7763
TBB;hsw;generic,usestack;3;9;1.0;on;off;0.0404;on;1;1;2;BroadcastGlobalDataAndDropNeighbourMessages;0;1;35.45;17.7761
TBB;hsw;generic,usestack;3;9;1.0;on;off;0.0404;on;1;1;2;BroadcastGlobalDataAndMergeNeighbourMessages;0;10;359.77;180.853
TBB;hsw;generic,usestack;3;9;1.0;on;off;0.0404;on;1;1;2;FinaliseMeshRefinement;0;1;0.81;0.445194
TBB;hsw;generic,usestack;3;9;1.0;on;off;0.0404;on;1;1;2;MeshRefinement;0;2;4.93;4.9336
TBB;hsw;generic,usestack;3;9;1.0;on;off;0.0404;on;1;1;2;Prediction;0;11;2.77;1.57553
TBB;hsw;generic,usestack;3;9;1.0;on;off;0.0404;on;1;1;2;SolutionUpdate;0;10;15.14;7.95229
TBB;hsw;generic,usestack;3;9;1.0;on;off;0.0404;on;1;1;12;BroadcastGlobalDataAndDropNeighbourMessages;0;1;38.37;3.29192
TBB;hsw;generic,usestack;3;9;1.0;on;off;0.0404;on;1;1;12;BroadcastGlobalDataAndMergeNeighbourMessages;0;10;419.44;36.646
TBB;hsw;generic,usestack;3;9;1.0;on;off;0.0404;on;1;1;12;FinaliseMeshRefinement;0;1;1.17;0.186309
TBB;hsw;generic,usestack;3;9;1.0;on;off;0.0404;on;1;1;12;MeshRefinement;0;2;4.94;4.95289
TBB;hsw;generic,usestack;3;9;1.0;on;off;0.0404;on;1;1;12;Prediction;0;11;23.73;2.49328
TBB;hsw;generic,usestack;3;9;1.0;on;off;0.0404;on;1;1;12;SolutionUpdate;0;10;20.93;2.64893
TBB;hsw;generic,usestack;3;9;1.0;on;off;0.0404;on;1;1;24;BroadcastGlobalDataAndDropNeighbourMessages;0;1;36.04;1.60003
TBB;hsw;generic,usestack;3;9;1.0;on;off;0.0404;on;1;1;24;BroadcastGlobalDataAndMergeNeighbourMessages;0;10;425.93;19.4787
TBB;hsw;generic,usestack;3;9;1.0;on;off;0.0404;on;1;1;24;FinaliseMeshRefinement;0;1;1.75;0.182155
TBB;hsw;generic,usestack;3;9;1.0;on;off;0.0404;on;1;1;24;MeshRefinement;0;2;5.01;5.01755
TBB;hsw;generic,usestack;3;9;1.0;on;off;0.0404;on;1;1;24;Prediction;0;11;191.04;8.56767
TBB;hsw;generic,usestack;3;9;1.0;on;off;0.0404;on;1;1;24;SolutionUpdate;0;10;30;2.21688
TBB;hsw;generic,usestack;3;9;1.0;on;on;0.0404;off;1;1;1;BroadcastGlobalDataAndDropNeighbourMessages;0;1;0.1;0.102021
TBB;hsw;generic,usestack;3;9;1.0;on;on;0.0404;off;1;1;1;FinaliseMeshRefinement;0;1;0.71;0.70755
TBB;hsw;generic,usestack;3;9;1.0;on;on;0.0404;off;1;1;1;FusedTimeStep;0;10;367.24;367.668
TBB;hsw;generic,usestack;3;9;1.0;on;on;0.0404;off;1;1;1;MeshRefinement;0;2;4.85;4.86064
TBB;hsw;generic,usestack;3;9;1.0;on;on;0.0404;off;1;1;1;Prediction;0;1;34.56;34.6001
TBB;hsw;generic,usestack;3;9;1.0;on;on;0.0404;off;1;1;2;BroadcastGlobalDataAndDropNeighbourMessages;0;1;0.13;0.0975067
TBB;hsw;generic,usestack;3;9;1.0;on;on;0.0404;off;1;1;2;FinaliseMeshRefinement;0;1;0.81;0.446357
TBB;hsw;generic,usestack;3;9;1.0;on;on;0.0404;off;1;1;2;FusedTimeStep;0;10;376.71;189.295
TBB;hsw;generic,usestack;3;9;1.0;on;on;0.0404;off;1;1;2;MeshRefinement;0;2;4.92;4.91932
TBB;hsw;generic,usestack;3;9;1.0;on;on;0.0404;off;1;1;2;Prediction;0;1;35.27;17.6948
TBB;hsw;generic,usestack;3;9;1.0;on;on;0.0404;off;1;1;8;BroadcastGlobalDataAndDropNeighbourMessages;0;1;0.16;0.100031
TBB;hsw;generic,usestack;3;9;1.0;on;on;0.0404;off;1;1;8;FinaliseMeshRefinement;0;1;1.07;0.21434
TBB;hsw;generic,usestack;3;9;1.0;on;on;0.0404;off;1;1;8;FusedTimeStep;0;10;421.11;54.0851
TBB;hsw;generic,usestack;3;9;1.0;on;on;0.0404;off;1;1;8;MeshRefinement;0;2;4.94;4.95115
TBB;hsw;generic,usestack;3;9;1.0;on;on;0.0404;off;1;1;8;Prediction;0;1;39.16;4.98002
TBB;hsw;generic,usestack;3;9;1.0;on;on;0.0404;off;1;1;12;BroadcastGlobalDataAndDropNeighbourMessages;0;1;0.15;0.0974538
TBB;hsw;generic,usestack;3;9;1.0;on;on;0.0404;off;1;1;12;FinaliseMeshRefinement;0;1;1.18;0.187107
TBB;hsw;generic,usestack;3;9;1.0;on;on;0.0404;off;1;1;12;FusedTimeStep;0;10;449.92;38.9815
TBB;hsw;generic,usestack;3;9;1.0;on;on;0.0404;off;1;1;12;MeshRefinement;0;2;4.86;4.86455
TBB;hsw;generic,usestack;3;9;1.0;on;on;0.0404;off;1;1;12;Prediction;0;1;40.99;3.52295
TBB;hsw;generic,usestack;3;9;1.0;on;on;0.0404;off;1;1;16;BroadcastGlobalDataAndDropNeighbourMessages;0;1;0.19;0.105114
TBB;hsw;generic,usestack;3;9;1.0;on;on;0.0404;off;1;1;16;FinaliseMeshRefinement;0;1;1.5;0.192289
TBB;hsw;generic,usestack;3;9;1.0;on;on;0.0404;off;1;1;16;FusedTimeStep;0;10;459.96;30.4775
TBB;hsw;generic,usestack;3;9;1.0;on;on;0.0404;off;1;1;16;MeshRefinement;0;2;4.87;4.88173
TBB;hsw;generic,usestack;3;9;1.0;on;on;0.0404;off;1;1;16;Prediction;0;1;42.94;2.77454
TBB;hsw;generic,usestack;3;9;1.0;on;on;0.0404;off;1;1;24;BroadcastGlobalDataAndDropNeighbourMessages;0;1;0.17;0.104051
TBB;hsw;generic,usestack;3;9;1.0;on;on;0.0404;off;1;1;24;FinaliseMeshRefinement;0;1;1.5;0.170024
TBB;hsw;generic,usestack;3;9;1.0;on;on;0.0404;off;1;1;24;FusedTimeStep;0;10;491.67;22.1998
TBB;hsw;generic,usestack;3;9;1.0;on;on;0.0404;off;1;1;24;MeshRefinement;0;2;4.97;4.97613
TBB;hsw;generic,usestack;3;9;1.0;on;on;0.0404;off;1;1;24;Prediction;0;1;46.74;2.0483
TBB;hsw;generic,usestack;3;9;1.0;on;on;0.0404;on;1;1;1;BroadcastGlobalDataAndDropNeighbourMessages;0;1;34.12;34.1562
TBB;hsw;generic,usestack;3;9;1.0;on;on;0.0404;on;1;1;1;FinaliseMeshRefinement;0;1;0.72;0.716258
TBB;hsw;generic,usestack;3;9;1.0;on;on;0.0404;on;1;1;1;FusedTimeStep;0;10;367.98;368.412
TBB;hsw;generic,usestack;3;9;1.0;on;on;0.0404;on;1;1;1;MeshRefinement;0;2;4.95;4.9557
TBB;hsw;generic,usestack;3;9;1.0;on;on;0.0404;on;1;1;1;Prediction;0;1;0.21;0.208588
TBB;hsw;generic,usestack;3;9;1.0;on;on;0.0404;on;1;1;2;BroadcastGlobalDataAndDropNeighbourMessages;0;1;34.63;17.3689
TBB;hsw;generic,usestack;3;9;1.0;on;on;0.0404;on;1;1;2;FinaliseMeshRefinement;0;1;0.85;0.461823
TBB;hsw;generic,usestack;3;9;1.0;on;on;0.0404;on;1;1;2;FusedTimeStep;0;10;378.09;189.829
TBB;hsw;generic,usestack;3;9;1.0;on;on;0.0404;on;1;1;2;MeshRefinement;0;2;4.99;5.0041
TBB;hsw;generic,usestack;3;9;1.0;on;on;0.0404;on;1;1;2;Prediction;0;1;0.26;0.149704
TBB;hsw;generic,usestack;3;9;1.0;on;on;0.0404;on;1;1;8;BroadcastGlobalDataAndDropNeighbourMessages;0;1;36.85;4.6959
TBB;hsw;generic,usestack;3;9;1.0;on;on;0.0404;on;1;1;8;FinaliseMeshRefinement;0;1;1.09;0.215343
TBB;hsw;generic,usestack;3;9;1.0;on;on;0.0404;on;1;1;8;FusedTimeStep;0;10;424.34;54.2161
TBB;hsw;generic,usestack;3;9;1.0;on;on;0.0404;on;1;1;8;MeshRefinement;0;2;4.87;4.88092
TBB;hsw;generic,usestack;3;9;1.0;on;on;0.0404;on;1;1;8;Prediction;0;1;0.94;0.15762
TBB;hsw;generic,usestack;3;9;1.0;on;on;0.0404;on;1;1;12;BroadcastGlobalDataAndDropNeighbourMessages;0;1;35.38;3.04513
TBB;hsw;generic,usestack;3;9;1.0;on;on;0.0404;on;1;1;12;FinaliseMeshRefinement;0;1;1.25;0.245443
TBB;hsw;generic,usestack;3;9;1.0;on;on;0.0404;on;1;1;12;FusedTimeStep;0;10;448.59;38.6574
TBB;hsw;generic,usestack;3;9;1.0;on;on;0.0404;on;1;1;12;MeshRefinement;0;2;4.82;4.83346
TBB;hsw;generic,usestack;3;9;1.0;on;on;0.0404;on;1;1;12;Prediction;0;1;2.34;0.234693
TBB;hsw;generic,usestack;3;9;1.0;on;on;0.0404;on;1;1;16;BroadcastGlobalDataAndDropNeighbourMessages;0;1;36.51;2.38064
TBB;hsw;generic,usestack;3;9;1.0;on;on;0.0404;on;1;1;16;FinaliseMeshRefinement;0;1;1.41;0.174191
TBB;hsw;generic,usestack;3;9;1.0;on;on;0.0404;on;1;1;16;FusedTimeStep;0;10;460.34;29.9
TBB;hsw;generic,usestack;3;9;1.0;on;on;0.0404;on;1;1;16;MeshRefinement;0;2;4.92;4.92884
TBB;hsw;generic,usestack;3;9;1.0;on;on;0.0404;on;1;1;16;Prediction;0;1;5.91;0.426018
TBB;hsw;generic,usestack;3;9;1.0;on;on;0.0404;on;1;1;24;BroadcastGlobalDataAndDropNeighbourMessages;0;1;28.17;1.38201
TBB;hsw;generic,usestack;3;9;1.0;on;on;0.0404;on;1;1;24;FinaliseMeshRefinement;0;1;1.64;0.185309
TBB;hsw;generic,usestack;3;9;1.0;on;on;0.0404;on;1;1;24;FusedTimeStep;0;10;553.4;24.8096
TBB;hsw;generic,usestack;3;9;1.0;on;on;0.0404;on;1;1;24;MeshRefinement;0;2;4.97;4.97853
TBB;hsw;generic,usestack;3;9;1.0;on;on;0.0404;on;1;1;24;Prediction;0;1;17;0.757609
